:020000040800F2
:10000000A0350020AD010008973A0008A92D00088E
:10001000953A00088D0B00086947000800000000B1
:100020000000000000000000000000006144000823
:100030001B0C000800000000993A00086544000805
:10004000C7010008C7010008C7010008C701000870
:10005000C7010008C7010008C7010008C701000860
:100060001D0C0008C7010008C7010008C7010008EF
:10007000C7010008C7010008C7010008C701000840
:10008000C7010008C7010008C70100080000000000
:10009000000000000000000000000000C701000890
:1000A000C7010008C7010008C7010008C701000810
:1000B000C7010008C7010008C7010008C701000800
:1000C000C7010008C7010008C7010008C7010008F0
:1000D000C7010008C7010008C701000800000000B0
:1000E000C70100089D3A0008C70100080000000091
:1000F000000000000000000000000000C701000830
:1001000000000000C7010008C7010008C70100087F
:1001100000000000000000000000000000000000DF
:10012000AD0B0008C7010008C7010008C70100089F
:10013000C7010008000000000000000000000000EF
:10014000000000000000000000000000C7010008DF
:10015000C7010008C7010008C7010008C70100085F
:10016000C7010008C70100080000000000000000EF
:10017000000000000000000000000000000000007F
:1001800000000000C701000800000000000000009F
:10019000C7010008C7010008DFF80CD000F094FC8C
:1001A00000480047656F0008A035002006488047DA
:1001B00006480047FEE7FEE7FEE7FEE7FEE7FEE74C
:1001C000FEE7FEE7FEE7FEE741450008990100086B
:1001D0002DE9F05F0546002092469B46884606467C
:1001E000814640241BE0284641464746224600F00F
:1001F00077FA53465A46C01A914110D31146184611
:10020000224600F05EFA2D1A67EB01084F4622469F
:100210000120002100F055FA17EB00094E41201E85
:10022000A4F10104DFDC484631462A464346BDE8D6
:10023000F09F000038B5D0E90221491E01EB4101D1
:1002400002EBC1014268C1EB011102EB81010268BE
:10025000C1EB011102EB8102D0E9043101EB410154
:1002600003EB81013023A1F5527191FBF3F4174D9B
:100270006C4302EBC41291FBF3F403FB14110092E4
:100280001A2902DB124B1A4400920C2291FBF2F362
:10029000104C6343009C04EBC313009391FBF2F3F7
:1002A00002FB13110C4A08E0491E40F2A324535CE0
:1002B0006343009C04EBC31300930029F4DC014664
:1002C000684600F039FA009838BD00003F0C0F0076
:1002D0008051010067C20300DEBE000840EA01034E
:1002E0009B0703D009E008C9121F08C0042AFAD2EC
:1002F00003E011F8013B00F8013B521EF9D27047B0
:10030000D2B201E000F8012B491EFBD27047002257
:10031000F6E710B513460A4604461946FFF7F0FF04
:10032000204610BD10B5044604E00B7800F8013BF0
:1003300003B1491C521EF8D2204610BD421C10F8D1
:10034000011B0029FBD1801A70472DE9F047914627
:100350000F4680460446002614F8015B2DB100F0DC
:10036000E1F90068405DC007F6D12B2D02D02D2D9C
:1003700018D0641E4A463946204600F023FA27B1B9
:100380003968A14201D1C7F8008071054FF002041D
:100390000BD54042002803DD0BF024F90460A007D0
:1003A000BDE8F08746F48066E4E70028F8DA0BF051
:1003B00019F904606FF00040F2E72DE9FE4F804626
:1003C00081EA0300C00F0C46009021F0004123F0A9
:1003D0000045B8EB0200A94105D2404621469046AF
:1003E0001C460B46024623F00040104347D0270D21
:1003F000C7F30A00C3F30A510290401A0190402843
:100400006BDAC3F3130040F4801B0098924620B1CE
:100410000023D2EB030A63EB0B0B01985946C0F1A2
:100420004002504600F04DF906460D4650465946EA
:10043000019A00F065F910EB08006141002487EA99
:10044000115284EAE7731A4340D0009A62B3019ACA
:10045000012A4FEA075215DC001B61EB02014FF045
:10046000004202EA0752CDE90042001C41F580112A
:1004700032462B4600F03BFA03B0BDE8F08F404611
:100480002146F9E7001B61EB0201001C41F58013D6
:1004900000185B412018A2F5001747EB030140EA62
:1004A000D570B6196D4111E06D084FEA360645EA80
:1004B000C0754FEA0752001B61EB0201001C41F5B9
:1004C000801149084FEA30000019514132462B464D
:1004D00003B0BDE8F04F00F0FBB9009801224000E6
:1004E0000023D0EB020263EBE073009821464FEA51
:1004F000E074B8EB000061EB0401E9E783F000432E
:100500005BE781F0004158E72DE9FE4F81EA0304E3
:1005100004F0004421F0004100944FF0000B23F060
:10052000004350EA01045ED052EA03045BD0C3F3F7
:100530000A54C1F30A552C44A4F2F3340194A0FBED
:100540000254C1F3130141F48011C3F3130343F4C4
:10055000801301FB024400FB034E840A970A44EA1D
:10056000815447EA8357A4FB076802958D0A05FB6F
:1005700007854FEA932C04FB0C542705029D4FEA94
:10058000065847EA1637B5EB08056EEB070C870EE1
:10059000920E47EA811742EA8312A7FB0201B6EBEB
:1005A0000B0164EB00042B0D43EA0C335E1844EBA3
:1005B0001C50DA465146E7FB0201C5F313044FEA2B
:1005C0000B3343EA14534FEA0432019C43EA060317
:1005D000A4F10C040294009CCDE900B400F087F96A
:1005E00003B0BDE8F08F00200146F9E70EB540F2F8
:1005F000334102910021CDE900110A460B4600F07B
:1006000076F903B000BDC1F30A5210B5C1F313016E
:1006100040F2FF3341F480119A4201DA002010BD0C
:1006200040F233439A42A2F2334203DC524200F0DA
:1006300057F810BD904010BD00F0004230F000406F
:100640000AD0C10D01F56071C0F3160042EA0151F4
:10065000C20840071143704700200146704701F06F
:10066000004330B421F0004150EA010206D00A0DE7
:10067000A2F56072C1F31301002A02DC30BC002035
:100680007047440F44EAC104C100E01830BC00EBDD
:10069000C25000F0E6B830B50B46014600202022DB
:1006A000012409E021FA02F59D4205D303FA02F57F
:1006B000491B04FA02F52844151EA2F10102F1DCDF
:1006C00030BD202A04DB203A00FA02F100207047F6
:1006D0009140C2F1200320FA03F319439040704780
:1006E000202A04DB203A21FA02F00021704721FA87
:1006F00002F3D040C2F120029140084319467047EE
:10070000202A06DBCB17203A41FA02F043EAE073D5
:1007100006E041FA02F3D040C2F1200291400843C2
:1007200019467047004870476CBF0008014900F047
:1007300003B80000E000002010B500683C22B0FBC8
:10074000F2F302FB1303B0FBF2F00B60B0FBF2F329
:1007500002FB1303B0FBF2F018224B60B0FBF2F384
:1007600002FB1303B0FBF2F0021D8B600723B2FB08
:10077000F3F403FB1422800040F2B55300F66C3012
:100780008A61B0FBF3F2B0FBF3F403FB14004432D4
:1007900080084A61C8613B2802D3920700D0401C00
:1007A0000022074C13460A61E25C824203D8801A99
:1007B0005B1C0B61F8E7401CC860084610BD0000D8
:1007C00070BF00082DE9F05F8246007800271546CB
:1007D0008B460AF10104B946302801D09DB113E0DF
:1007E00014F8010B0127782803D0582801D045B10F
:1007F0000AE00DB1102D07D10027102514F8010BC8
:1008000002E0082500E00A250026B0460EE005FBC0
:10081000080005FB06F1012701EB10461FFA80F8DE
:10082000B6F5803F00D3B94614F8010B294600F015
:100830005DF90028EBDABBF1000F05D00FB1641EA3
:1008400000E05446CBF80040B9F1000F06D00AF0A2
:10085000C9FE02210160C81EBDE8F09F48EA0640BB
:10086000FAE70029A8BF7047401C490008BF20F0E4
:100870000100704710B4B0FA80FC00FA0CF050EAA6
:10088000010404BF10BC704749B1CCF1200421FA27
:1008900004F411FA0CF118BF012121430843A3EB22
:1008A0000C01CB1D4FEA00614FEA102042BF00202F
:1008B00010BC704700EBC35010440029A4BF10BC0B
:1008C0007047401C490008BF20F0010010BC704771
:1008D00010B5141E73F1000408DA401C41F1000148
:1008E00092185B411A4301D120F0010010BD2DE99F
:1008F000F04D92469B4611B1B1FA81F202E0B0FA96
:1009000080F220329046FFF7DCFE04460F4640EAB4
:100910000A0041EA0B0153465A46084313D01146D8
:1009200053EA010019D0C8F140025046FFF7D8FE43
:1009300005460E46504659464246FFF7C2FE08435A
:1009400005D0012004E020463946BDE8F08D0020A6
:10095000054346EAE0762C4337430A986305E40AE8
:10096000A0EB08000022FD0A44EA47540A3002D5F1
:1009700000200146E9E7010510196941DDE9084554
:1009800000196941BDE8F04DA2E72DE9F04D81EA7B
:10099000030404F0004B21F0004514464FF0000A18
:1009A00023F0004150EA050220D054EA01021DD094
:1009B000C5F30A570246C5F31303C1F31300C1F38D
:1009C0000A5640F4801543F48013A7EB0608101B69
:1009D000D64608F2FD3873EB050002D308F1010892
:1009E00001E092185B41B8F1000F03DA00200146E4
:1009F000BDE8F08D00204FF48011064684460EE0DD
:100A0000171B73EB050705D3121B63EB05030643A6
:100A10004CEA010C49084FEA300092185B4150EA59
:100A20000107EDD152EA030012D082EA040083EA02
:100A30000501084305D0101BAB4106D2012200235B
:100A400006E000224FF0004302E06FF00102531075
:100A50001AEB06004CEB085110EB0A0041EB0B01BE
:100A6000BDE8F04DFFF734BFC1F30A52C1F31301E3
:100A700040F2FF3341F480119A4202DA002001462D
:100A8000704740F233439A42A2F2334202DC5242B0
:100A9000FFF726BEFFF715BE30B5041E71F1000446
:100AA00004DB4FF00044404264EB0101141E73F17B
:100AB000000405DB1C464FF00043524263EB040385
:100AC000994208BF904230BD064C074D06E0E068F1
:100AD00040F0010394E8070098471034AC42F6D385
:100AE000FFF75EFBC8260108E82601083A2800D275
:100AF000303820F02002412A01D3A2F13700884289
:100B000001D34FF0FF3070470146806B036C026CDD
:100B100013F0500F07D0D20648BF00F080B9806BA9
:100B2000C26C0846104742F40071016401688A688B
:100B300012F0405F1CD1027E002A18BF00F05EB99F
:100B4000CA6A12F4700F03D08A6812F4806F0FD152
:100B50004A6822F020024A60016C21F4807101642D
:100B6000016C11F4805F02BF016C41F0010101646E
:100B700000F044B9806B40210164416C41F00401F4
:100B8000416400F04CB9806B00F048B9FEE700000A
:100B900080B505484FF48071012200F046FE012027
:100BA000BDE8804000F0C6BC00000240014800F0F3
:100BB00039BB00BFEC2E002001686FF00F0240F23D
:100BC000FF3352FA81F2994318235F2AB2FBF3F202
:100BD00004A39A5C88BF41F004018165C2650846A0
:100BE000704700BF000610160006101680B5D0F83A
:100BF00000C0DCF800E02EF4802ECCF800E0CCF849
:100C0000043080684028084608BF1046CCF8080029
:100C100008BF0A46CCF80C2080BD7047042000F0C5
:100C200025BD0000EFF3108072B60D48016841F059
:100C3000805101600B48016841F4807101600A48ED
:100C40000A4901601EF0040F0CBFEFF30880EFF3B8
:100C500009808169004A1047958C0008FEE700BFB3
:100C6000403802400070004050280040EE85BA999C
:100C7000002200F001B8000010B51C4C8446607AD8
:100C800008B1012010BD94F809E0002004F80E001E
:100C9000637A04EB8303C3F804C0637A23441A72B3
:100CA000627A531C303263720A7042F63A72A1F8CB
:100CB0000120C87010BD00BF002100F001B8000085
:100CC0000A494A7A7AB100783038C2B201EB82031D
:100CD00053F8040F38B100200A44186010724A7AA1
:100CE000013A4A7270470120704700BFE02E002091
:100CF00078B50022009290F83C20012A01D102210F
:100D000049E0012280F83C20D1F800E01FFA8EFC77
:100D1000BEF10A0F4FEA4C0212FA8EF204D30368B6
:100D20001E3A03F10C0402E0036803F110040725E6
:100D30002668954026EA050525608D6805FA02F2C9
:100D400025682A4322604A68062A05D802EB8202F7
:100D500003F13401053A0BE002EB82040C2A87BF51
:100D600003F12C01A4F1410203F13001A4F12302AB
:100D70001F240D6894400CFA02F225EA04040C606A
:100D80000E6832430A607449A1F54172934205D05E
:100D9000002180F83C10C8B201B070BDBEF1110F47
:100DA0000ED0154A96450BD0BEF1120FF0D10A684D
:100DB00022F400020A600A6842F480020A60E7E74F
:100DC0000A6822F480020A600A6842F400020A609B
:100DD00009498E45DCD1D049D04A0968B1FBF2F10E
:100DE00001EB8101490001E000990139009100996E
:100DF0000029F9D1CCE700BF120000100068CB49F0
:100E0000884218BF704780B50348243000F090F93D
:100E1000BDE88040704700BF100100207047704758
:100E200010B50446002842D0206C30B9204600F0AE
:100E30009BF8002084F83C006064206C10F0100FD8
:100E400037D1206C41F20211444B884340F002003C
:100E500020644148016821F4403101606168026802
:100E6000114301602068416821F48071416021696B
:100E7000426842EA01214160416821F040714160CD
:100E8000A168426811434160816821F4006181607A
:100E9000E168826811438160A16A826822F0706211
:100EA00099428260826806D122F040510CE0012014
:100EB00010BD01204CE011438160816821F0405158
:100EC0008160E16A826811438160816821F00201DA
:100ED0008160217E826842EA4101816094F820208D
:100EE00041686AB141F400611D4A4160416821F4E2
:100EF00060414160616A02EB41314268114301E0A7
:100F000021F400614160174AC16A21F47001C16295
:100F1000E16902EB0151C26A1143C162816821F4A7
:100F20000071816094F83010826842EA412181604A
:100F3000816821F4806181606169826842EA81216F
:100F40000122816000206064216C62F30101216450
:100F5000002184F83C1010BD042301400100000F63
:100F600000E0FFFF0000F0FF70B586B0044601A866
:100F70001421FFF7CCF921686C48814238D1002652
:100F80001C4900F5604000964A6942F480724A614B
:100F90004A6902F480720092009A00960A6842F050
:100FA00001020A60096801F0010100910099032122
:100FB00002910F21019101A9039600F061FB0E4DF2
:100FC0000E484FF480614FF400624FF40053C5E9BE
:100FD000000605F11000C5E902664EC0C5E90866C5
:100FE000284600F0DFF908B1FFF71CFEA563AC63EB
:100FF00006B070BD30380240EC2E00201064024074
:10100000BCB50446002013460A46019094F83C0003
:10101000012801D102207CE0012084F83C002168F5
:10102000886810F0010F11D188683C4D40F0010034
:101030008860DB480068B0FBF5F000EB400001E0A1
:1010400001980138019001980028F9D1886810F4BE
:10105000807F1EBF886820F4807088608D68206C57
:1010600015F0010F07D140F010002064606C40F0D3
:10107000010060644CE040F20175A84340F48070C8
:101080002064486810F4806F04D0206C012565F35B
:101090000D302064206C4FF0000C224D10F4805F66
:1010A0004FF000001CBF606C20F0060084F83CC0CC
:1010B000DFF86CC06064A06BC0E90F5C1A4DC564BA
:1010C0006FF022050D604D6845F080654D608D68BC
:1010D00045F480758D604C3100F0FAF91348D0F872
:1010E0000423216812F01F0F0AD0814210D18168B9
:1010F00011F0405F0CD1816841F08041816007E0D0
:10110000886810F0405F03D1886840F080408860B4
:101110000020C0B202B0B0BDC000002040420F00AD
:10112000870B0008090B0008750B00080020014020
:10113000B0B5044690F83C00012804BF0220B0BDC1
:101140000120002584F83C002168886820F0010017
:101150008860886810F0010F4FF000001DD188688A
:1011600020F480708860A06B90F83510022907D1B8
:1011700000F016F820B1216C41F04001216400E03C
:10118000002021684A6822F080624A6041F2011220
:10119000216C914341F00101216484F83C50B0BDC1
:1011A00070B5866D044600F045FB054694F83500A1
:1011B000022829D12068016821F0160101604169E7
:1011C00021F080014161216C09B9A16C19B101685C
:1011D00021F008010160016821F00101016005E0D2
:1011E00000F028FB401B052812D82068006810F08A
:1011F000010FF5D1E06D3F2101FA00F0B060012050
:1012000084F83500002008E080206065012004E0BB
:1012100020206065032084F835000021C0B284F8E6
:10122000341070BDF8B504460020082100905C48D9
:101230000568D4E916603768814039420DD02268CC
:10124000136813F0040F08D0136823F0040313602D
:10125000B160616D41F00101616501218140394258
:1012600009D02268526912F0800F04D0B160616D1C
:1012700041F00201616504218140394209D02268B0
:10128000126812F0020F04D0B160616D41F00401E8
:10129000616510218140394219D02068026812F03E
:1012A000080F14D0B1600268016812F4802F06D1D3
:1012B000C9055EBF016821F00801016001E0080373
:1012C00001D4216C00E0A16C09B120468847E16D92
:1012D000202000FA01F23A423CD02068036813F063
:1012E000100F37D0B26094F835300268052B19D151
:1012F00022F016020260426922F080024261226CF2
:101300000AB9A26C1AB1026822F0080202603F20FA
:101310008840B060002084F83400012084F8350053
:10132000216D39E0016852030CD4C9050ED401685F
:1013300021F010010160002084F83400012084F8BD
:10134000350003E0080301D4616C00E0E16B09B1F2
:1013500020468847606D10B3606D10F0010F1AD001
:1013600005214FF4165084F83510B5FBF0F02168D4
:101370000A6822F001020A60009A01328242009259
:1013800003D80A6812F0010FF6D1002084F8340067
:10139000012084F83500E16C09B120468847F8BD8A
:1013A000C00000202DE9F041044600F043FA054654
:1013B000002C4FD0002084F83400022084F835003F
:1013C0002068016821F00101016005E000F032FAB7
:1013D000401B052840D82068016811F0010FF5D1A5
:1013E00001683A4AD4E9013504F10C0801EA020C1B
:1013F00098E8C201D4E9072E43EA0C032B431943B2
:10140000636A31433943042B41EA080141EA02018E
:1014100041EA0E0224D1D4E90BE142EA0E02BEF108
:10142000000F41EA0201016050F8141FA56A21F083
:10143000070141EA050141F0040C18D0B8F5005F3E
:1014400026D0B8F1000F36D1022D37D0012D2CD087
:10145000A5B30CE0012218E003232021032220E0A1
:10146000026050F8141F21F0070141EA030CC0F894
:1014700000C02046FFF7A0FBE16D3F22012302FAE6
:1014800001F10022816000210BE0D0B2BDE8F081C3
:10149000032DECD8012340210122DFE805F0020FE3
:1014A0000206616584F83530EFE7AEF1C071B1FA3C
:1014B00081F1490904E0032D04D3D8D1CEF30061B2
:1014C0000029D4D0012340210122EAE73F8010F017
:1014D000B0B5044690F83400012828D00120A56D4D
:1014E00084F8340094F8350001281DD1022084F8D6
:1014F0003500002060652046FFF778FBE06D3F2156
:1015000001FA00F0A8602068016841F0160101604E
:10151000216C19B1016841F008010160016841F0D6
:1015200001010160002003E0002084F83400022063
:10153000C0B2B0BDB0B5044600F07CF90546DD4848
:10154000611C007818BF044400F074F9401BA042ED
:10155000FAD3B0BD2DE9F84FAA4A07274FF000088B
:101560004FF0000B4FF00F099042A74A08BF042725
:1015700002444FEAB223042B4FF0010338BF4FEA75
:10158000B227A24A00970027A2F57E7A102F08BF43
:10159000BDE8F88F03FA07F20A423DD0BC0808F014
:1015A0000C0CD2435AF82450009B09FA0CFE05EAB1
:1015B0000E0503FA0CF6B54213D1944B1E68164083
:1015C0001E605E6816405E609E6816409E60904B8E
:1015D0001E6816401E605AF8246026EA0E064AF875
:1015E00024600323056803FA0BF68B4BB54303EA2B
:1015F0005704056008F01C05044409FA05F5236A40
:10160000AB432362C368B343C36043681A400123FA
:1016100042608268B243826008F104080BF1020B59
:101620000137B3E710B5042816D10E480E4C0168F7
:10163000206811F0040F0CD190F83010002918BF69
:1016400010BD012180F8301000F0F4F821684863E3
:1016500010BD90F8311001B110BD012180F831109A
:1016600010BD00BF10040240D800002003490A68E2
:10167000024214BF08607047FFF7D4BF143C01401A
:101680002DE9FC4F5F4A07274FF001094FF0030A8D
:101690004FF0000B4FF0000E002690425A4A08BF50
:1016A000042702444FEAB223042B38BF4FEAB22783
:1016B0000097102E08BFBDE8FC8F0C6809FA06F3EE
:1016C0001C4200F098804D6805F00304671E012F4E
:1016D00015D8D0F808C00AFA0EF72CEA070CCF6824
:1016E00007FA0EF747EA0C078760C5F3001707FAF9
:1016F00006FC47689F4347EA0C07476001E0032C5C
:101700001DD0C2680AFA0EF7022C22EA07028F687F
:1017100007FA0EF742EA0702C26010D13E4C0BF006
:101720001C020F27974004EA560505442C6A24EA58
:1017300007070C6904FA02F23A432A624D6804680A
:1017400005F003020AFA0EF715F4403F02FA0EF212
:1017500024EA070742EA070202604CD000222B4C21
:101760000BF00C0501922B4AA4461746126842F46E
:1017700080423A603A6802F48042019226F0030205
:101780002244264C019FA04617590F24AC40A74382
:10179000009C04FA05F52F4342F80870DCF800209D
:1017A0004D6842EA030715F4803F08BF22EA0307A9
:1017B00015F4003FCCF80070DCF8042042EA03077F
:1017C00008BF22EA030715F4801FCCF80470DCF888
:1017D000082042EA030708BF22EA03070C4A15F46F
:1017E000001FCCF808701446126842EA030708BFCD
:1017F00022EA030727600BF1040B0EF1020E0136FB
:1018000057E700BF001002400000FEBF003C01404F
:101810000C3C014044380240FCFFFF7F08FCFFFF06
:101820000069084018BF01207047002A08BF09045A
:10183000816170471F488068704700BF1D4801786C
:10184000826811448160704780B50B48016841F49B
:1018500000710160016841F480610160016841F438
:1018600080710160032000F073F8002000F006F89A
:1018700000F022F8002080BD003C024070B50D4E03
:1018800004464FF47A713078B1FBF0F0D64909681C
:10189000B1FBF0F001F0DEF801250F2C08D838B9C3
:1018A0004FF0FF3021460022002500F02FF8746031
:1018B000284670BD0400002082B000200B49019032
:1018C0004A6842F480424A604A6802F480420192C7
:1018D000019A0090086840F080500860086800F0A5
:1018E00080500090009802B0704700BF403802401E
:1018F000002808DB00F01F010122400902FA01F173
:10190000014A42F82010704700E100E010B5164B84
:101910001B68C3F3022E0EF1040CAEF103048EF02B
:101920000703BCF1070F4FF0010C38BF0024042B54
:1019300028BF04230CFA03F3013B19400CFA04F30B
:10194000013BA1401A401143BDE8104002F00EBF18
:1019500005494FF6FF030A681A4060F30A2203485C
:1019600010430860704700BF0CED00E00000FA056E
:101970002DE9FC410446006810F0050F2ED04A49BD
:1019800000204A4E88460860FFF754FF05464FF492
:10199000E437F05910F0006F05D0FFF74BFF401B04
:1019A0000228F6D939E0221D07CA40EA81104049D1
:1019B00040EA0270C8670120C8F80000FFF73AFF4C
:1019C00005464FF4E437F05910F0006F05D1FFF7EA
:1019D00031FF401B0228F6D91FE02068810757D548
:1019E0000020334E314F0190B06B40F08050B06317
:1019F000B06B00F0805001900198386840F480701E
:101A00003860FFF717FF0546386810F4807F06D16D
:101A1000FFF710FF401B0228F6D903203FE0B06E0D
:101A200010F4407021D0216901F4407188421CD02B
:101A3000B06E204901220A60002220F440700A6042
:101A4000B066B06E10F0010F0FD0FFF7F3FE054641
:101A500041F28837B06E10F0020F06D1FFF7EAFEB0
:101A6000411B0320B942F5D919E0206912493268B7
:101A700000F44073014022F4F8126FF31F30B3F505
:101A8000407F08BF0A433260B16E0843B0662068E9
:101A9000000742BF207D0749C1F8A0030020C0B263
:101AA00002B0BDE8F08100BF68004742007000400E
:101AB00008380240400E4742FFFCFF0F2DE9F0417D
:101AC00088460446002800F08780454BD3F8000480
:101AD00000F00700404507D283F80084D3F80004E3
:101AE00000F00700404577D1206810F0020F11D0B8
:101AF000410742BF996841F4E0519960010742BF34
:101B0000996841F4604199609968A26821F0F001F8
:101B100011439960C0072DD06068811E022904D24C
:101B2000196811F0007F0BD156E0012804D1196823
:101B300011F4003F04D14FE0196811F0020F4BD0AF
:101B400099681D4621F0030108439860FFF772FE73
:101B5000064641F28837A86861682B4600F00C0001
:101B6000B0EB810F06D0FFF765FE801BB842F2D9BB
:101B7000032032E0D3F8000400F00700404507D905
:101B800083F80084D3F8000400F00700404523D117
:101B9000206810F0040F05D09968E26821F4E05144
:101BA00011439960000706D59868216920F46040C8
:101BB00040EAC10098601C4600F01AF8A168094A82
:101BC000C1F30311515CC840074908600748006829
:101BD000FFF754FE002000E00120C0B2BDE8F08114
:101BE0000038024088BF0008C00000200800002024
:101BF00010B5F34C606800F00C00082804D00428ED
:101C000014BF1048104810BD226820680E490023F8
:101C100010F4800F02F03F0204BF42F20041C0F214
:101C2000F4012068C0F38810A1FB0001FEF7D0FA90
:101C300021680222C1F3014102EB4101B0FBF1F046
:101C400010BD00BF0024F40040787D012DE9F84369
:101C50000446002800F065812078D84ED84FC00790
:101C6000B14654D0786800F00C00042807D13068E1
:101C700010F4003F4BD06068002848D151E17868EB
:101C800000F00C00082803D1386810F4800FEED162
:101C90006668B6F5803F09D0D9F80000C846B6F5A9
:101CA000A02F17D140F48020C8F80000D9F8000018
:101CB0004E4640F48030C9F80000FFF7BBFD0546F2
:101CC000306810F4003F22D1FFF7B4FD401B6428B8
:101CD000F6D9C3E020F48030C8F80000D8F800003E
:101CE00020F48020C8F80000FFF7A4FD002E054670
:101CF0004646E5D1D9F800004E4610F4003F06D024
:101D0000FFF798FD411B03206429F3D90AE12078ED
:101D100080072FD5786810F00C0F08D0786800F095
:101D20000C0008280BD1386810F4800F07D13068F8
:101D300010F0020F17D0E068012814D0F1E0E0683D
:101D4000002800F08D809F4801210160FFF772FD9F
:101D50000546306810F0020F05D1FFF76BFD401B00
:101D60000228F6D97AE03068216920F0F80040EACC
:101D7000C10030602078000722D56169914879B1AF
:101D80000121C0F8801EFFF755FD0546386F10F0A1
:101D9000020F15D1FFF74EFD401B0228F6D95DE07A
:101DA0000021C0F8801EFFF745FD0546386F10F092
:101DB000020F05D0FFF73EFD401B0228F6D94DE08B
:101DC0002078400740F18080F86B4FF0000810F059
:101DD000805F0CD1CDF800804FF00108F86B40F027
:101DE0008050F863F86B00F0805000900098764EB9
:101DF000484659F8060010F4807F14D159F80600BF
:101E000040F4807049F80600FFF714FD0546484687
:101E100059F8060010F4807F05D1FFF70BFD401B39
:101E20000228F4D91AE0A668012E05D0F86E052E16
:101E30002AD140F00400F866F86E40F00100F86620
:101E4000FFF7F8FC054641F28836F86E10F0020FF5
:101E500033D1FFF7EFFC401BB042F6D9032061E01D
:101E6000584800210160FFF7E5FC05464846D9F8CF
:101E7000000010F0020F3FF47DAFFFF7DBFC411BC9
:101E800003200229F2D94DE020F00100F866F86E37
:101E900020F00400F866FFF7CDFC0546002ED2D1F5
:101EA00041F28836F86E10F0020F06D0FFF7C2FC40
:101EB000411B0320B142F5D934E0B8F1000F1EBF39
:101EC000F86B20F08050F863A669002E74D0786813
:101ED00000F00C00082829D1012E22D03868E169D1
:101EE00000F480028A421CD1216A00F03F028A423B
:101EF00017D147F6C071626A0140B1EB821F10D161
:101F0000A16A4FF6FF72C903914300F44032A1F574
:101F100080318A4205D1E16A00F07060B0EB016F58
:101F20004AD00120C0B201B0BDE8F08325490020AD
:101F300088460866FFF77EFC0546022E0CD148460F
:101F4000D9F8000010F0007F13D0FFF773FC411B9D
:101F500003200229F3D9E5E74846D9F8000010F03C
:101F6000007F29D0FFF766FC411B03200229F3D92B
:101F7000D8E704F11C064FCE0843D90340EA82108B
:101F80004FF6FF72914340EA0660A1F580310843A5
:101F900038600120C8F86000FFF74CFC0446484652
:101FA000D9F8000010F0007F06D1FFF743FC011BB9
:101FB00003200229F3D9B5E70020B3E70038024037
:101FC00004380240000047420038FEFF704700001E
:101FD0000248012100688171704700BFD8000020CD
:101FE00010B504460068816811F4805F0DD0C168A7
:101FF00011F4807F09D02046FFF7EAFF2068C1680E
:1020000001F0800161F4C071C160816811F4005F6A
:102010000DD0C06810F4007F09D02046FFF7D6FF2E
:102020002068C16801F0800161F42071C16003483B
:102030004FF4003101600120607710BD143C014075
:1020400010B50068002A4068C0F304234FEA104E20
:1020500000F03F0C4B7081F803E081F802C0C0F340
:1020600042340C701BD10024020AA4EB131302F0BB
:102070000F0203F00A031A444A70C0F303530EF030
:102080000F0200F00F0003EB830302EB4302CA7060
:10209000CCF3031202EB820200EB420088700020B6
:1020A00010BD10B500684024002A836A4B600369A4
:1020B0006FF3DF338B600068C0F3062300F07F0C02
:1020C00004EA10444B70C0F3054E81F800E081F83B
:1020D00002C0CC701CD1020AC3F30313040C00F03D
:1020E0000F0002F00F0203EB830302EB43024A707E
:1020F000CEF3031304F00F0203EB830302EB43025E
:102100000A70CCF3031202EB820200EB42008870EB
:10211000002010BD10B50446A8B1607F20B9002092
:102120002077204600F042F80220CA21607720681C
:10213000416253214162204601F0CBFC216820B16D
:10214000012004222CE0012010BD8868164A1040AE
:1021500088606068D4E9042310438A6818431043F8
:102160008860E0680861A0680A6942EA0040086186
:10217000C86820F08000C860886810F0200F05D182
:10218000204600F0A9F921680028D9D1086C20F474
:1021900080200864A0690A6C1043012208640020B2
:1021A000FF234B62627710BDBFFF8FFF00680949B4
:1021B000884218BF704780B507480121002201609E
:1021C00029200021FFF7A2FB2920BDE88040FFF76E
:1021D0008FBB00BF002800403C0E47422DE9F8436A
:1021E000044655480D464FF4FA410068B0FBF1F043
:1021F0004FF47A71484300900220217F012900F0BA
:10220000978060770120002A20772768B86800F05F
:10221000400011D0002807BF0021E970E8780104D0
:102220006B782A78AE7895F820001B0243EA0242C8
:10223000324342EA01061AE00028DFF8949207BF11
:102240004FF0000885F80380E8784FEA00482878C6
:10225000C84706466878C847000240EA0646A8789C
:10226000C847304340EA080695F82000C847D5F82B
:1022700004C0D5E9053EE969CA227A625322314396
:102280007A6241EA0060696A1843BB68B1F5807FF1
:1022900019D123F48071B960F96801F0800161F40B
:1022A000C071F96000994A1E0029009239D0F9687E
:1022B00011F0010FF6D0F86107F144034FF480509C
:1022C0004FF4807618E023F40071B960F96801F0EA
:1022D000800161F42071F96000994A1E0029009282
:1022E0001FD0F96811F0020FF6D0386207F14803E9
:1022F0004FF400504FF400764EEA0C011960B968B3
:102300003143B960B9680843B8600C48016841F4CA
:1023100000310160816841F40031816000200121B9
:1023200001E003210320FF227A62002222776177F5
:10233000C0B201B0BDE8F083C0000020003C014005
:102340002DE9F0410D46017F0446022001294CD0C1
:1023500060770120002A207706D06878E978AE7887
:10236000000240EA014715E06F78DFF8648117F05A
:10237000100F1EBF07F0EF0000F10A076F70E8783A
:10238000C0470646F8B2C047000240EA0647A878B0
:10239000C04706462068CA212D7841625321416218
:1023A000204601F096FB18B121680120042217E0B5
:1023B0000F4947EA06000840216840EA4530486076
:1023C000C86820F08000C860886810F0200F05D130
:1023D000204600F081F821680028E6D10020012283
:1023E000FF234B62002121776277C0B2BDE8F08104
:1023F0003FFFFF002DE9F0470D46017F0446022014
:10240000012961D060770120002A20772768B86809
:1024100000F040000FD0002807BF4FF0000885F8FB
:102420000380E8784FEA004869782878AE78090296
:1024300041EA004915E00028DFF894A007BF4FF0FB
:10244000000885F80380E8784FEA00482878D047EC
:1024500006466878D047000240EA0649A878D04787
:102460000646CA20786253207862204601F031FB8C
:1024700018B121680120042221E049EA060015492B
:1024800040EA0800084021680860886820F480203D
:102490008860D5E903028B68104318438860C868D8
:1024A00020F08000C860886810F0200F05D1204619
:1024B00000F012F821680028DCD100200122FF235F
:1024C0004B62002121776277C0B2BDE8F08700BF80
:1024D000A93A00087F7F7F00B0B504460068C16854
:1024E00021F0A001C160FFF7A5F905462068C0688A
:1024F00010F0200F07D1FFF79DF9401BB0F57A7F50
:10250000F4D9032000E00020C0B2B0BD10B50446ED
:1025100088B1022084F851002068016821F0400150
:102520000160204600F06CF80020606584F85000DF
:1025300084F8510010BD012010BD70B5044648B1AB
:10254000D4F824C0BCF1000F06D00021216104F1B1
:10255000140107E0012550E06168B1F5827F03D0E6
:1025600004F11C0100220A6000254FF0000EA56254
:1025700094F8511041B9204684F8505000F060F8AA
:10258000D4E909C101F4005E022284F851202268D6
:10259000136823F040031360D4E90130D4E9031633
:1025A00003F4827300F4044001F40061184308430B
:1025B00006F002010843616901F001010843A169C5
:1025C00001F400731843E36903F038031843236AE6
:1025D00003F08003184340EA0E001060042000EA74
:1025E00011400CF0100108435060D06920F40060E5
:1025F000D0610120656584F85100284670BD000057
:1026000000683B4988420CD03A49884218BF70475D
:102610000A48016821F4805101603848E021FEF742
:1026200099BF36484FF46151425822F480424250DB
:1026300000F580604FF46041FEF78CBF44380240E3
:1026400010B586B0044601A81421FDF760FE20688D
:102650002749884223D02749884246D1002026496D
:1026600000904A6942F480524A614A6902F48052F9
:102670000092009A00900A6842F001020A6009681C
:1026800001F001010091009902210291E0210191E4
:1026900003900320049005200590184822E00020B4
:1026A000154900900A6942F480420A610A6902F4FD
:1026B00080420092009A00900A6842F002020A608A
:1026C000096801F0020100910099022102914FF482
:1026D0006041019103900320049005200590074874
:1026E00000F5806001A9FEF7CBFF06B010BD00BF6A
:1026F0000038004000300140303802400000024005
:102700002DE9F843044690F850001D4616460F4642
:10271000012801D10220A8E04FF0010984F850906F
:10272000FFF788F8804694F8510001285AD101201B
:10273000002F00F09580002E00F09280032084F896
:10274000510000206065E6862763A686A063A08707
:10275000C4E91000E087A1682068B1F5004F07D1F7
:10276000016821F040010160016841F4804101608D
:10277000016811F0400F02BF016841F040010160A3
:102780006268711EE368B1FA81F1B2FA82F2490916
:10279000B3F5006F4FEA521241EA020124D131B180
:1027A00037F8021BC1602763E08E0138E0866E1C9B
:1027B00014E02068816811F0020F07D1FFF73AF8A2
:1027C00066B1A0EB0800A84208D348E0216B31F8BD
:1027D000022BC2602163E08E0138E086E08E002883
:1027E000E7D125E002203BE039B139780173206B55
:1027F00001302063E08E0138E0866E1C15E0206811
:10280000816811F0020F07D1FFF714F86EB1A0EB49
:102810000800A84209D322E0216B09780173206BDC
:1028200001302063E08E0138E086E08E0028E6D19A
:1028300020462946424601F055FD08B1202060653A
:10284000A06838B9002000902068C16800918068B5
:1028500000900098606D002818BF012000E0032060
:10286000002184F8501084F85190C0B201B0BDE846
:10287000F0832DE9F843044690F850001E461546B3
:102880000F46012801D10220C9E0012084F8500040
:10289000FEF7D0FF94F85110814601296ED1012036
:1028A000002F00F0B680002D00F0B380002E00F065
:1028B000B08094F85100DDF8208004281CBF05206A
:1028C00084F8510000206065E687A563A68727632A
:1028D000A686C4E91000E6862068016811F0400F62
:1028E00002BF016841F0400101606268711EE36847
:1028F000B1FA81F1B2FA82F24909B3F5006F4FEAF9
:10290000521241EA020147D131B137F8021BC160CE
:102910002763E08E0138E086012608F10105E08E8C
:1029200010B9E08F00287ED02068816811F0020F76
:102930000CD0E18E012E09D141B1216B002631F876
:10294000022BC2602163E18E0139E186816811F0BA
:10295000010F0AD0E18F41B1C068A16B012621F8B7
:10296000020BA163E08F0138E087FEF763FF002DC3
:10297000D5D0A0EB09004045D1D349E06068B0F55F
:10298000827F07D10220042943D1A16800293FF4A6
:1029900086AF3EE002203CE039B139780173206B0C
:1029A00001302063E08E0138E086012608F1010540
:1029B000E08E08B9E08FB0B32068816811F0020F93
:1029C0000ED0E18E012E0BD151B1216B002609787A
:1029D0000173216B206801312163E18E0139E186A9
:1029E000816811F0010F0BD0E18F49B1C068A16B74
:1029F00001260870A06B0130A063E08F0138E087EA
:102A0000FEF718FF002DD3D0A0EB09004045CFD32F
:102A10000320002184F85010012184F85110C0B225
:102A200001B0BDE8F083204641464A4601F05AFC19
:102A300018B1202060650120EBE7A1680020002983
:102A4000E7D100902168CA680092896800910099D6
:102A5000DFE70000411E0020B0EB116F1CBF01201A
:102A60007047044AF023516003490B7007219060BE
:102A70001160704710E000E023ED00E090F83C208A
:102A8000012A01D102211FE0B0B501F10805D1E909
:102A900000CE3CCDC96923F47C5322F470521A4312
:102AA0002EF4F0431A432CF4E0431A4324F4C043B9
:102AB0001A432A4322F480421143026851640021E0
:102AC00080F83C10BDE8B040C8B2704790F83C3088
:102AD0000222012B2FD010B580F83D20012280F872
:102AE0003C200268D2F804E0D2F808C00C68B2F1C9
:102AF000804F2EF0700343EA04035360BDE810409A
:102B00000ED0A54B9A420BD0A44B9A4208D0A54BAD
:102B10009A4205D0A24B9A4202D09E4B9A4204D1CF
:102B200049682CF08003194391600022012180F84C
:102B30003C2080F83D10D0B2704700BF10B586B081
:102B4000044601A81421FDF7E2FB2068B0F1804F94
:102B500013D09049884229D10020154900900A6875
:102B600042F001020A60096801F001010091009938
:102B7000022102914FF400610FE000200C49009007
:102B80000A6842F001020A60096801F0010100913F
:102B90000099022102914FF40041019103900490A9
:102BA000012001A905900348FEF76AFD06B010BD9B
:102BB0003038024000000240B0B5044690F83C00B6
:102BC0000D46012801D1022041E04FEAB201012067
:102BD000032984F83C0037D8DFE801F0020A12220A
:102BE0002068294601F004FD206850F8181F0EE007
:102BF0002068294601F028FD206850F8181F16E0CB
:102C00002068294601F050FD206850F81C1F41F053
:102C100008010160016821F00401016029690FE0E9
:102C20002068294601F070FD206850F81C1F41F40F
:102C300000610160016821F4806101602969090275
:102C40000268114301600020002184F83C10C0B2EA
:102C5000B0BD10B5044630B394F83D0028B900204B
:102C600084F83C00204600F021F80220211D84F861
:102C70003D00206801F06CFC012084F8460084F8D7
:102C80003E0084F83F0084F8400084F8410084F856
:102C9000420084F8430084F8440084F8450084F836
:102CA0003D00002010BD012010BD000082B0006872
:102CB000B0F1804F0FD03749884218D100200190E1
:102CC0000C48416841F001014160406800F001009A
:102CD000019001980BE0002000900648016841F047
:102CE00001010160006800F001000090009802B04E
:102CF000704700BF4038024010B5044641B1082972
:102D000009D0042914BF04F1410004F13F0004E09C
:102D100004F13E0001E004F14000007801281CBFEE
:102D2000012010BD022041B1082909D0042914BF97
:102D300084F8410084F83F0004E084F83E0001E09C
:102D400084F840002068012201F042FC206811490B
:102D500088420FD0B0F1804F10D00F4988420DD07B
:102D60000E4988420AD00E49884207D00D49884250
:102D700004D008E04A6C42F400424A64816801F0E1
:102D80000701062903D0016841F00101016000201C
:102D900010BD00BF000001400004004000080040DA
:102DA00000400140000C004080B5FDF73BFFFEE70E
:102DB0002DE9F04F87B0DDF84480154602901C469F
:102DC0000E4651FA88F755FA98F9781E82B2A9F1A1
:102DD000010083B20846294600F0CCFBC8F3072067
:102DE000F12F059028BFB9F5A07F4AD8059AA120F8
:102DF0000299DDF840A05FFA88F74FF4004B12FB10
:102E000000F07F2900906FF05F0038BF6FF01F0067
:102E1000084412FB00F00490A1F17F0002EB820154
:102E200000224901C0B20191039027E00398402895
:102E3000049807D80298A828019803D00298B828C7
:102E400004D100981299104431F810904FF0000806
:102E500006920EE02BFA08F106EB080011EA090FC2
:102E600080B2A9B20CBF5246224600F099F908F18F
:102E700001084745EED1069A013501320598824294
:102E8000D4D107B0BDE8F08F70B5164C0D4606469C
:102E90004FF4805101222046FEF7C7FC2046022154
:102EA0000022FEF7C2FC1048310A0AE041600268C5
:102EB00012F0020FFBD04660026812F0020FFBD046
:102EC000013D002DF2D1016811F0020FFBD0016825
:102ED00011F0800FFBD1204602210122BDE8704095
:102EE000FEF7A3BC00040240083001402DE9F04F7A
:102EF00089B0164601221C4600230027A2EB460299
:102F000005920022CDE9011006EB000B801BA1EB1E
:102F1000060806EB010ACDE903069642BCBF09B0DC
:102F2000BDE8F08FCDE90673A1EB020956180892AF
:102F3000039F0CE0BDB2B1B22246284600F030F942
:102F40001FFA89F12846224600F02AF901375F4529
:102F5000F0DD02980899049E0F18A0EB01090FE01C
:102F60001FFA89F51FFA8AF12246284600F018F95F
:102F70001FFA88F12846224600F012F909F10109EA
:102F8000B945EDDDDDE906730598089A01991F44FE
:102F90000233013200EB47000028BEDD0598013EF8
:102FA0000744023005900298AEE77CB5151ADDF8AB
:102FB00018C05E1AB5F1FF3F2C46CDF800C0D8BF4F
:102FC000841AB6F1FF3F1FFA84FC3446D8BFCC1AEE
:102FD000B5F1FF3FD8BF1046B6F1FF3F1FFA84FEA0
:102FE0006246D8BF1946734600F086F97CBD0000E2
:102FF0002DE9F04F8FB00593044601200123DFF83F
:10300000E4B00D464FF0000A02905000DDF8149035
:10301000A3EB42030494019001200B90501E2F1A41
:1030200003900A97271A0997471920440897CDE972
:1030300006205245DCBF0FB0BDE8F08F0AEB05005B
:103040004A460E9386B20798314680B20D90D84713
:103050000AEB04004A4681B208980C9187B20846F0
:103060003946D847A4EB0A0039464A461FFA80F889
:103070004046D847099831464A4687B23846D8472D
:10308000A5EB0A004A462C4686B238463146D84758
:103090000A984A4687B240463946D8470C9839467E
:1030A0004A46D8470D9831464A46D8470E9B002BD2
:1030B0000BDC0B982546049C069A0AF1010A03448E
:1030C0000230012B0B90B4DB01E02546049C0298F2
:1030D0000246821C104602920198101A039A034479
:1030E0009CE700BFA13100082DE9F84F151A98465A
:1030F00091460F460446B5F1FF3FD8BF851ADDF86B
:1031000028B01FFA85FA52465B4600F029F820469F
:10311000414652465B4600F023F8A8EB07062046DE
:1031200039465B46B6F1FF3FD8BFA7EB08061FFA4A
:1031300086FA524600F00AF94846394652465B463E
:1031400000F004F946EA0500000408BFBDE8F88F66
:10315000484641465A46BDE8F84F00F021B8000005
:10316000B0B51546924A1C465388834298BFB0BDFD
:1031700013888B4212D9538805EB000C9C450B46F3
:1031800084BF5288151A4219013A92B200F0F2F93E
:10319000A9B22046BDE8B040FFF776BEB0BD00BF83
:1031A0002DE9F041074682480E4614464188B9424F
:1031B00040F29D800088B04298BFBDE8F081EB4DA1
:1031C0004FF4805100222846FEF72FFB28460221AB
:1031D0000022A846FEF729FB464D2A206860286891
:1031E00010F0020FFBD0286810F0800FFBD1404692
:1031F0004FF480510122FEF718FB380A68602868F6
:1032000010F0020FFBD06F60286810F0020FFBD0A7
:10321000781C010A6960296811F0020FFBD047464B
:103220006860286810F0020FFBD0286810F0800F4B
:10323000FBD138464FF480510022FEF7F6FA2B20DE
:103240006860286810F0020FFBD0286810F0800F2B
:10325000FBD138464FF480510122FEF7E6FA300ADE
:103260006860286810F0020FFBD06E60286810F0CC
:10327000020FFBD0701C010A6960296811F0020F6F
:10328000FBD06860286810F0020FFBD0286810F0AF
:10329000800FFBD138464FF480510022FEF7C5FA6B
:1032A0002C206860286810F0020FFBD0286810F00E
:1032B000800FFBD138464FF480510122FEF7B5FA5A
:1032C000200A6860286810F0020FFBD0E0B2686046
:1032D000286810F0020FFBD0286810F0800FFBD197
:1032E000384602210122BDE8F041FEF79EBABDE852
:1032F000F08100BF08300140F8B515462C4A1C4645
:103300005388834220D9069F13888B4298BFF8BD0B
:1033100056882B18B34284BF53881D1A1688631829
:10332000B34284BF1288541A42190B19013A013B67
:1033300092B29BB200F01EF9A8B2A1B24143384646
:10334000BDE8F840FFF7A0BDF8BD00BFB0B5154619
:10335000ED4A1C465388834298BFB0BD13888B4208
:1033600012D9138805EB010C9C4584BF1288551AAD
:103370004A19013A93B2024600F0FCF8A9B220467D
:10338000BDE8B040FFF780BDB0BD00BFB0B5DE4DB9
:103390000446002000216A882B8800F0EBF868883A
:1033A000298841432046BDE8B040FFF76DBD00BF0E
:1033B00010000020B0B5D2484FF480610122FEF722
:1033C00034FA00F0B9F85A4C0120A0474FF47A7053
:1033D000FEF7B0F8CB20A047564D3920A8472C2047
:1033E000A8470020A8473420A8470220A847CF209C
:1033F000A0470020A847C120A8473020A847E820C0
:10340000A0478520A8470020A8477820A847EA20A1
:10341000A0470020A8470020A847ED20A04764202F
:10342000A8470320A8471220A8478120A847F720D3
:10343000A0472020A847C020A0472320A847C1209C
:10344000A0471020A847C520A0473E20A847282015
:10345000A847C720A0478620A8473620A047482075
:10346000A8473A20A0475520A847B120A0470020F0
:10347000A8471820A847B620A0470820A8478220C0
:10348000A8472720A847F220A0470020A8472620C9
:10349000A0470120A847E020A0470F20A8473120DF
:1034A000A8472B20A8470C20A8470E20A847082093
:1034B000A8474E20A847F120A8473720A847072053
:1034C000A8471020A8470320A8470E20A847092096
:1034D000A8470020A847E120A0470020A8470E20C9
:1034E000A8471420A8470320A8471120A847072071
:1034F000A8473120A847C120A8474820A84708204E
:10350000A8470F20A8470C20A8473120A8473620FD
:10351000A8470F20A8471120A0477820FEF70AF8F7
:103520002920A0470320BDE8B04000F0AFB800BF9D
:10353000ED3900082D3A0008B0B5AF4C0C4D4FF4F2
:10354000806100222046A847C820FDF7F3FF2046EF
:1035500002210022A847C820FDF7ECFF20464FF4C7
:10356000806101222B46BDE8B040184700040240AC
:103570002B1800082DE9F8439F4C17460E460546C8
:103580004FF48051002298462046FEF74EF920461F
:1035900002210022A146FEF748F95A4C2A20606019
:1035A000206810F0020FFBD0206810F0800FFBD1D4
:1035B00048464FF480510122FEF737F9280A60602F
:1035C000206810F0020FFBD0E8B26060206810F0B5
:1035D000020FFBD0380A4D466060206810F0020FE1
:1035E000FBD0F8B26060206810F0020FFBD02068BA
:1035F00010F0800FFBD128464FF480510022FEF7D7
:1036000014F92B206060206810F0020FFBD02068B6
:1036100010F0800FFBD128464FF480510122FEF7B5
:1036200004F9300A6060206810F0020FFBD0F0B29D
:103630006060206810F0020FFBD04FEA1820606035
:10364000206810F0020FFBD05FFA88F060602068FD
:1036500010F0020FFBD0206810F0800FFBD128463D
:103660004FF480510022FEF7E0F82C2060602068C3
:1036700010F0020FFBD0206810F0800FFBD128461D
:1036800002210122BDE8F843FEF7CFB8B0B5F74DEF
:1036900004464FF4805100222846FEF7C6F828461B
:1036A00002210022FEF7C1F8F1483621416001688D
:1036B00011F0020FFBD0016811F0800FFBD12846FA
:1036C00002210122FEF7B1F8032C88BFB0BDDFE86C
:1036D00004F0020D040B482000E0882000F0A6F959
:1036E000F0204FF4A07107E0E82000E0282000F06F
:1036F0009DF94FF4A070F021034A51801080B0BDB5
:103700000004024008300140100000202DE9FE4F67
:10371000D64C8846834604212046FEF781F80027D0
:10372000002864D1204601210022FEF77EF8334CA8
:10373000334901224FF47A734FF47A7A2046FEF728
:10374000DFFFDFF8C0900DF10A0220460223ADF83A
:103750000A70CDF800A04946FFF78BF82A492046A9
:1037600001224FF47A73FEF7CBFF02AA20464946A6
:103770000223ADF80870CDF800A0FFF77AF8BB4837
:103780009DF80A409DF80B709DF808509DF809605F
:1037900001210122FEF749F846EA052047F230519F
:1037A00040F2DC52194B884228BF0846904298BF2D
:1037B000104600EB800003EB801046F65473B0FB1C
:1037C000F3F0134BABF8000047EA042001278842CE
:1037D00038BF01469042C1EB011103EB011146F6DF
:1037E0006C33B1FBF3F138BF0021A8F80010384664
:1037F00003B0BDE8F08F00BF00040240700200205B
:10380000B7060108C4260108B606010800ADF8FF96
:1038100040D8F6FF2DE9F04F8DB08B4601464FF0B2
:10382000FF309246179C5FFA83F84FF4004550FA38
:1038300083F00590C3F307225BFA93F0260A0793FF
:10384000CDF818B00C92189A013880B2170A04907B
:103850009AF80090B9F1000F04BF0DB0BDE8F08FE9
:10386000B9F1C00F0FD3B9F1D10F47D0B9F1D00FD3
:1038700050D11AF8010F902860D3089AC02838BF99
:1038800000F1300247E00598049B0991CDF828A08B
:10389000084482B288B25946FFF76CFE0C99A9F130
:1038A00020004FF0000B10FB01F00B901EE00B9876
:1038B00016994FF00009584431F810A012E025FA8B
:1038C00009F010EA0A0F04D0304600F0AFF8E0B279
:1038D00004E0384600F0AAF81898C0B200F0A6F844
:1038E00009F10109C845EAD10BF1010B0C98834598
:1038F000DDD1DDF818B0DDE9091A1BE01AF9010F76
:10390000089AB0F1FF3F06DCC0B28F281FD800F143
:10391000700200E0089A18988946089289B22346F6
:1039200000900798019016980290D0B25A46FFF77F
:103930003FFA494641440AF1010A89E7089A812879
:103940000DD084280DD086280DD1B222E3E791282E
:103950000ED094280ED096280ED1B322DBE7A822F1
:10396000D9E7AA22D7E7872808BF6FF05002D2E72D
:10397000B822D0E7BA22CEE7972808BF6FF04002FE
:10398000C9E72DE9F04F9DB0DDF8A4B0DDE927A827
:103990008946054617460024104600210AE00278B1
:1039A000013112FA84F2BF2A4FF0010288BF0222CD
:1039B000104414448AB29A42F1D304AE64213046D2
:1039C000FCF7A5FCA4B2304639462246FCF7AAFC17
:1039D000269B284649463246CDE900A8CDF808B0D6
:1039E000FFF718FF20461DB0BDE8F08FB0B51F4CA3
:1039F00005464FF4805100222046FDF716FF204671
:103A000002210022FDF711FF19484560016811F0FD
:103A1000020FFBD0016811F0800FFBD1204602217C
:103A20000122BDE8B040FDF700BF00BFB0B50F4CAC
:103A300005464FF4805101222046FDF7F6FE204650
:103A400002210022FDF7F1FE09484560016811F0EE
:103A5000020FFBD0016811F0800FFBD1204602213C
:103A60000122BDE8B040FDF7E0BE00BF0004024007
:103A70000830014005480130FDF71EB910B5034C70
:103A80000348611CFDF7F4F8207010BDB40100205C
:103A9000C4000020FEE7FEE7704700000148FEF783
:103AA0009FBA00BF14010020C143CAB2F62A4FF0EA
:103AB0000A0298BF6FF0090101440A31C9B2B1FB93
:103AC000F2F101EB8102A0EB420040EA0110C0B22A
:103AD0007047B0B504460068C16811F0400F12D1BC
:103AE0004FF0FF31C160FDF7A5FE05462068C068B4
:103AF00010F0400F07D1FDF79DFE401BB0F57A7F17
:103B0000F4D9032000E00020C0B2B0BD064801781F
:103B100011B1017801390170AB48017811B1017818
:103B200001390170704700BF220000200000000032
:103B30002DE9F04760486149012201F061FFDFF89B
:103B40008081002888F8000005D0092006F030F9AF
:103B50000020BDE8F087594808F1080108F10C027F
:103B600001F074FDD8E902604789C06902387843E2
:103B7000FCF73CFD9FED4E0B55EC104B22462B46BF
:103B8000FCF7C2FC814606FB07F08A46FCF72EFDD7
:103B900022462B46FCF7B8FCFCF735FD0446C8F876
:103BA000040048465146FCF72EFD002CC8F81000D2
:103BB00078D0444844490B2201F04CFF002888F893
:103BC0000000C2D13F4C41A0214602F061F84D4DAA
:103BD0004DA139222846FCF781FB2846FCF7AEFBB5
:103BE000024608F118032046294602F06FF92046E4
:103BF00001F01AFD34492046012201F02BFF002874
:103C000088F80000A1D13F4D4FF48061224628463C
:103C100001F091FDE26808F114032046294602F004
:103C20004CF8204601F000FD27492046022201F011
:103C300011FFE16888F80000204601F0A8FD002887
:103C400088F800007FF481AF3E48214602F020F85A
:103C500088F80000204601F0E7FC2A4D4FF480610F
:103C60002846FCF754FB18492046012201F0F2FED9
:103C70004346E268294603F8140B204602F01DF87B
:103C8000204601F0D1FC0D490020002201F0B8FED1
:103C9000002888F800007FF458AF2B48BDE8F047B3
:103CA00005F014BA0A2006F083F84EE700BF00BF03
:103CB000000000000000E03F50040020161A010838
:103CC000200000208C140020C910010848656C6C8D
:103CD0006F212046726F6D2053544D333220546F44
:103CE0002053442043617264204F76657220535004
:103CF000492C205573696E6720665F707574732850
:103D0000290A0000DC26002048656C6C6F212046E3
:103D1000726F6D2053544D333220546F2053442022
:103D200043617264204F766572205350492C2055B0
:103D300073696E6720665F777269746528290D0A5A
:103D400000000000A0100108DB1001081CB5FCF702
:103D50001FFF0A2403E0FF2000F016FB013C002CAB
:103D6000F9D100F0B1FA00200621CDF8030040207F
:103D70008DF8020095208DF807000DF1020000F08B
:103D8000F7FA084C00F0DCFA14B101340128F9D13B
:103D9000FCF7FEFEFF2000F0F7FAEF48012141702A
:103DA0001CBD00BF01E0FFFF10B5074C4FF4FA70D7
:103DB000208000F0C5FAFF2804BFFF2010BD218835
:103DC0000029F6D110BD00BFDC2A002070B5E14EFD
:103DD00005460C46C820708000F0B2FAFF2803D1D7
:103DE00070880028F8D101E0FE2806D0002070BDC0
:103DF00000F0A6FA05F8010B013C002CF8D100F008
:103E00009FFA00F09DFA012070BD00BF70B50D460D
:103E10000446FFF7C9FFFF2801D0FF2028E0154E18
:103E20002046B047280EB047C5F30740B047C5F35A
:103E30000720B047E8B2B047402C03D0482C05D14A
:103E4000872000E0952000F09FFA06E0012000F0B6
:103E50009BFA4C2C08BF00F073FA0A2400F070FAA9
:103E600040B2B0F1FF3F03DC013C14F0FF0FF5D18D
:103E7000C0B270BD89430008B0B50D460446FFF7D7
:103E800093FFFF2829D1284600F07EFAFD2D24D08B
:103E900020464FF4007100F06BFA00F051FA00F088
:103EA0004FFA0025FF24E8B2402807D8013500F07A
:103EB00047FA044600F01F000528F4D1D04DC82071
:103EC000688000F03DFA10B968880028F9D104F044
:103ED0001F00052804BF0120B0BD0020B0BD00BFF9
:103EE00008B1012070477CB5F54C607810F0020FE6
:103EF00040F08780FFF72AFF00F0E6F9402000211C
:103F00000025FFF783FF01286DD14FF47A704FF43D
:103F1000D57160804820FFF779FF012838D100254E
:103F200001AE03E000F00CFA70550135042DF9D113
:103F30009DF80600012855D19DF80700AA2851D107
:103F400077200021FFF762FF012805D869204FF094
:103F50008041FFF75BFF10B160880028F0D16088D6
:103F600000283FD07A2000210025FFF74FFFD0BB6B
:103F7000002503E000F0E4F970550135042DF9D176
:103F80009DF80400082101EAD00040F004052AE071
:103F900077200021FFF73AFF012808D86920002187
:103FA000FFF734FF0225012888BF012500E0012525
:103FB000022D07D177200021FFF728FF012806D81E
:103FC000692000E041200021FFF720FF10B1608848
:103FD0000028EDD1608828B150204FF40071FFF720
:103FE00015FF00B10025B74E3570FCF7D1FD00F08C
:103FF000A7F925B1607800F0FE00607001E00020B4
:10400000707060787CBD00BF7FB514460D4618B156
:104010000426F0B204B070BD052D0AD12078022824
:1040200024D0012827D00028F2D1A64800264670C7
:10403000EFE7A348407810F0010F15D100F044F9E4
:1040400004260D2D00F28080DFE805F00719387E88
:104050007E7E7E7E7E7E7E3C3E4BFFF7A5FEB0F1EF
:10406000FF0618BF01266FE00326D2E79548002619
:1040700040786070CDE7FFF769FE0026C9E7492068
:104080000021FFF7C3FE88BB68461021FFF79EFEA4
:1040900060B39DF8000000F0C000402833D19DF8C7
:1040A00008109DF807009DF80920090241EA004028
:1040B0004FF48061104301EB802043E04FF4007027
:1040C000208040E0492000E04A200021FFF79EFECA
:1040D00060B920461021FFF779FEB0FA80F046095A
:1040E00032E07A200021FFF791FE08B101262BE093
:1040F000002504E000F024F904F8010B0135E8B2D2
:104100000328F7D91FE09DF805009DF80A609DF887
:1041100007209DF806109DF8083000F00F0092006F
:1041200001F0030100EBD6109DF8096042EA9312FA
:1041300042EA812106F00306013100EB4600073810
:1041400001FA00F020600026FCF722FD00F0F8F8EC
:104150005FE700BF2000002034030020F8B51D46B3
:1041600016460C460427002841D1002D3FD0544864
:10417000407810F0010F10D15248007810F0080F6D
:1041800008BF760200F0A0F8012D08D15120314679
:10419000FFF73CFEB0B1012722E0032727E05220C1
:1041A0003146FFF733FE08B12F4619E020464FF4A1
:1041B0000071FFF70BFE70B1013D04F50074F5D1FD
:1041C000002709E020464FF40071FFF7FFFDB0FA29
:1041D00080F0470904E02F464C200021FFF716FE2F
:1041E000FCF7D6FC00F0ACF8002F18BF0127F8B29E
:1041F00001B0F0BD002812BF01203148407870475F
:1042000020000020F8B51D4616460C46042700285D
:1042100053D1002D51D02A48417811F0010F14D10B
:10422000407810F0040F12D1264F387810F0080FA4
:1042300008BF760200F048F8012D0AD15820314617
:10424000FFF7E4FD10B3012730E0032735E0022734
:1042500033E03878800707D577200021FFF7D6FDB7
:1042600057202946FFF7D2FD59203146FFF7CEFDF2
:1042700008B12F461AE02046FC21FFF7FDFD68B18A
:10428000013D04F50074F6D1002708E02046FE2128
:10429000FFF7F2FDB0FA80F0470907E02F46002053
:1042A000FD21FFF7E9FD002808BF0127FCF770FC9E
:1042B00000F046F8002F18BF0127F8B201B0F0BD9A
:1042C000200000203403002080B505484FF48071A1
:1042D0000022FDF7AAFA0120BDE88040FDF72AB9C7
:1042E000000002401CB504465C4813460A461349C8
:1042F0000068B0FBF1F04FF47A7110FB01F001900F
:104300006068B0F5827F0AD12046802100F050F825
:1043100078B1606D40F02000606503200AE00198EC
:1043200038B10198013801902068806810F0800F42
:10433000F5D10020C0B202B010BD00BF00366E0142
:10434000E0B5FF208DF8070018480068816811F07B
:10435000020FFBD064200DF107010DF106020123CD
:1043600000901248FEF785FA9DF8060002B080BD65
:104370000A4601460D480068836813F0020FFBD01F
:104380000A486423FEF7BCB9E0B58DF8070007487A
:104390000068816811F0020FFBD004480DF107019D
:1043A00001226423FEF7ACF98CBD00BFD0020020CF
:1043B0002DE9FC411E4617460D460446FDF73AFA24
:1043C000301AC619FDF736FA8046244801370068CE
:1043D000C0F3CB30704301900DE067B1FDF72AFACE
:1043E000A0EB0800B04210D20198019901390028D1
:1043F000019108BF0646206880682840A842ECD09A
:104400000020C0B202B0BDE8F0812068416821F010
:10441000E00141606168B1F5827F0AD1A168B1F520
:10442000004F02D0B1F5806F03D1016821F0400147
:104430000160A16AB1F5005F07D1016821F4005164
:104440000160016841F400510160002084F85000CF
:10445000012084F851000320D3E700BFC0000020F2
:1044600070470000084801780131017001780A297D
:1044700038BFFDF7E3B980B500210170FFF746FBB7
:10448000BDE88040FDF7DAB988140020B0B598B0D7
:10449000002407A814211194CDE90F44FBF737FF3E
:1044A00001A81821FBF733FF234800940225016877
:1044B00041F080510160006800F080500090009849
:1044C00000941E48016841F440410160006800F416
:1044D0004040009000984FF480300D9005200C90E3
:1044E00001200E904FF48000129513900C20149030
:1044F0006020CDE91505042017900CA8FDF7A6FB58
:10450000B8B90F200895032107904FF48050099403
:10451000CDE90A0407A8FDF7D1FA50B94FF480702D
:1045200005900220019001A8FDF722FA08B918B001
:10453000B0BDFCF777FB00BF403802400070004080
:104540000248016841F470010160704788ED00E0A5
:1045500010B503687E4AB0F1804F13D0164CA042CC
:1045600010D0164CA0420DD0154CA0420AD0154CCC
:10457000A0420BD0144CA04208D0144CA04205D04D
:10458000904207D14C6823F070032343CC6823F496
:10459000407323434C6923F08003904243EA0403B1
:1045A00003608B68C3620B68836204BF096911638F
:1045B0000121416110BD00BF00040040000800401F
:1045C000000C004000480140004001400044014010
:1045D00001F01F01012303FA01FC036A02FA01F151
:1045E00023EA0C030362026A114301627047000070
:1045F00070B5026A22F001020262036AD0F804E098
:104600008269D1F800C08C6822F0730223F00203A3
:104610004CEA020C4E4A234390420CD1CE68D1E9B9
:1046200005452EF44072224342EA050E23F00C02A7
:1046300026F004031343C0F804E0C0F818C049682A
:104640004163036270BD00BF70B5026A22F01002C0
:104650000262026AD0F804E08369D1F800C08C6875
:1046600023F4E64322F0200243EA0C2C384B42EAC2
:10467000041298420FD1CE68D1E905452EF440636B
:1046800022F0C00243EA840343EA850E6FF04F0331
:1046900003EA06131A43C0F804E0C0F818C04968DA
:1046A0008163026270BD00BF70B5026A22F480723D
:1046B0000262026AD0F804E0C369D1F800C08C68D5
:1046C00023F0730322F400724CEA030C204B42EAFD
:1046D000042298420FD1CE68D1E905452EF440530B
:1046E00022F4406243EA041340F2FF4443EA051E09
:1046F0003302A3431A43C0F804E0C0F81CC0496861
:10470000C163026270BD00BFB0B5026A22F480527C
:104710000262D0F820C0D0F804E0C5698A680C684D
:104720002CF4005343EA023C094B25F4E64242EAEA
:104730000422984204D14B692EF4804545EA831E39
:10474000C0F804E0C26149680164C0F820C0B0BD8F
:1047500000000140FFF7C4BBFFF756BCFFF7FEBCEB
:10476000FFF748BDFFF74EBDFEE7000010B5074C50
:1047700000F00F03044AB0F1FF3F2344C8BF831881
:104780000801187010BD00BF00E400E014ED00E067
:104790000D48BFF34F8F0D4A016801F4E0611143EA
:1047A0000160BFF34F8F00BFFDE700BF0648BFF3B6
:1047B0004F8F064A016801F4E06111430160BFF3C5
:1047C0004F8F00BFFDE700BF0CED00E00400FA05CD
:1047D000704700002DE9F0418CB001AC142104F1C8
:1047E0001800FBF794FD1F4D1F4E0022284631464E
:1047F000FDF757FC1D4F284600223946FDF720FCE7
:104800007178B2783078CDE9012103907878B97861
:10481000FA78CDE9041020460692FBF70BFDDFF88D
:10482000888D0546D8F8000000F198078ECFD0E9B2
:104830002A60CDE90132CDE90317CDE905602046B4
:10484000FBF7F8FC0A490844854205D8D8F800006F
:10485000D0F88800332802D3012006F065FA0CB0A6
:10486000BDE8F08114010020643100201001002017
:104870004D61780010B52DED028B184C2068C17881
:10488000012906D190F85E1019B9002006F04CFA03
:1048900020689FED138A90ED060AB4EEC80AF1EE87
:1048A00010FA08DC90F8601029B9022006F03CFAF2
:1048B000206890ED060AB4EEC80AF1EE10FA09DDA0
:1048C00090F8600030B10220BDEC028BBDE81040D2
:1048D00000F0A8BABDEC028B10BD00BFD8000020CC
:1048E000CDCC4441B0B504464FF0FF3060630020AA
:1048F000E070204603F0C2FF08B1042025E0B4F8C0
:1049000036024AF6552188421CD194F83800E9282D
:1049100005D0EB2818D194F83A00902814D104F16E
:104920006E0002F0C0FA0A4D20F07F40A84207D086
:1049300004F18A0002F0B7FA05F14C51884203D124
:10494000002002E0032000E00220C0B2B0BD00BFA2
:104950004641540010B5224A00234FF0000C02F1EA
:10496000080E15E05EF8082C6AB10468A2420CD16A
:1049700082685EF8044C944207D14269DEF8004038
:10498000944202D111E04FF0010C0EF1100E0133F0
:10499000012BE7D9022B08D11220BCF1000F18BF60
:1049A0000020022908BF00200AE009B1102007E01A
:1049B000BEF80400A0F58070B0FA80F04009000154
:1049C000C0B210BD064A4FF0000C0023202B08BFD8
:1049D0007047D158814208BF42F803C01033F5E751
:1049E000BC2400200268C36A9089B1FBF0F05189B1
:1049F000B0FBF1F0191D03E0904206D3801A083194
:104A00000A68002AF8D100207047496808447047B6
:104A1000C2690239023A91422FBF0020026B4089DD
:104A200001FB0020704700002DE9F04F85B0DFF852
:104A30002081054698F8000000285FD14FF00F0A4A
:104A400028201E214FF48C72D223CDF800A0FEF74F
:104A5000ACFADFF800B128461222594602F034FAC7
:104A60003F4E054600203C274FF6FF790CE0D6E983
:104A700000010BEB040212238DE80306B9B23C20BF
:104A8000FEF77FFF2044193784B2AC42EFD30120F8
:104A900042F66515AA216422C82388F80000322056
:104AA0000095FEF782FA2B4C2BA26421204606F0DB
:104AB0006DFDD6E90030AF212246CDE90009412045
:104AC0000295FEF7A7FEDC20AA214FF48772C823C7
:104AD0000095FEF76AFA23A22046642106F056FDEF
:104AE000D6E90030AF212246CDE90009E620029543
:104AF000FEF790FE2046C821FBF709FC01F03CFEC2
:104B000002281FD1E3480068018FA1F1320292B25E
:104B1000322A09D8408FAA3881B200201E299CBFB2
:104B200088F8000001200EE0DC3989B2322909D86A
:104B3000408FAA3881B200201E299CBF88F800004F
:104B4000022000E00020C0B205B0BDE8F08F00BF39
:104B5000A80100209C300020D094D0B000000000BC
:104B6000A8000020D09DD0B5D18200002DE9F843E7
:104B7000D0F800808946064639B13046494601F0F2
:104B80009BFE02280BD2012053E0D8F8145008F104
:104B90001C0415B12068854209D3012507E0411C9A
:104BA0001BD044464D4654F81C1F884241D32F4623
:104BB00020680137874228BF022701D3022D0AD37C
:104BC0003046394601F078FE411C32D040B1012810
:104BD0002FD0AF42ECD100202BE04FF0FF3028E087
:104BE000404639464FF0FF3204F072F80146B9F101
:104BF000000F06D029B9404649463A4604F068F805
:104C0000014629B10120012908BF4FF0FF3010E013
:104C1000C8F81470D8E90601023988429CBF0138EF
:104C2000C8F8180098F8040040F0010088F8040063
:104C3000384601B0BDE8F083F8B52DED088B5B4E2A
:104C40005B4C9FED5C9A9FED5CAA9FED5C2A9FED0B
:104C50005C8A5C4D37882068018990ED050A01EE79
:104C6000101AB8EE411A21EE091A21EE0A1AC1EE05
:104C7000020AB0EE481AA84720689FED53BA41894E
:104C800001EE101AB8EE411A80ED050A21EE091A5C
:104C900090ED060A21EE0A1AC1EE0B0AB0EE481A90
:104CA000A84720689FED492A9FED493A818901EE86
:104CB000101AB8EE411A80ED060A21EE091A90ED9D
:104CC000070A21EE0A1A81EE021A9FED422A71EEBE
:104CD000030AB0EE481AF5EEC00AF1EE10FAB8BFBA
:104CE000F0EE420AA8472068C18901EE101AB8EE1A
:104CF000411A80ED070A21EE091A90ED080A21EE0B
:104D00000A1AC1EE0B0AB0EE481AA847206801EE55
:104D1000107AB8EE411A80ED080A21EE0A1A418A8B
:104D200090ED0A0A02EE101AB8EE422AC1EE020A0B
:104D3000B0EE481AA847206880ED0A0A20EE090A5A
:104D4000418A90ED091A02EE101AB8EE422A60EE7E
:104D5000020AB0EE410AB0EE481AA847206880ED7A
:104D6000090A7188B288038A90ED0B0A521A591AFF
:104D700001EB8101090191FBF2F101F11E0001EE4D
:104D8000100AF8EEC10AB0EE481AA84720680622B9
:104D900080ED0B0A104800F108011048BDEC088BAB
:104DA00001B0BDE8F040FCF72BB900BF2A7AFF1F25
:104DB000D800002000008039333353405A0C1B3E8A
:104DC000CDCCCC3DB9550008F4565D3EBFDE373D35
:104DD0003333B3BF0000000038030020340100204B
:104DE000013801280DD8DFF8A4CE0CEB001232F800
:104DF0000C3F43F48071B1F5807F04D10021118014
:104E000009E002200BE0591E11804FF6FF7211429B
:104E100001D0002003E0010100204CF80100C0B2E5
:104E2000704700BF80B502280BD0012818D028BBDE
:104E30001848006890F85E1059B3002180F85E10A1
:104E400016E01448006890F8601011B3002180F853
:104E5000601090F85D10013980F85D100E4816E082
:104E60000C48006890F85F1099B1002180F85F103D
:104E700090F85D10013980F85D1080BD054808A1EB
:104E80000A2200680378054803F014FD124804F074
:104E90001DF980BDD8000020320E0108091001085C
:104EA000D09ED188D0B8D0B1D0BAD0B020D0BED1A9
:104EB00082D0BCD0B5D0BDD18B20D0BFD180D0B5F1
:104EC000D0B4D183D0BFD180D0B5D0B6D0B4D0B516
:104ED000D0BDD0B8D18F0000880D01082DE9FE4F5C
:104EE00007680021044600F0AFFA10B103B0BDE836
:104EF000F08F4FF0FF3804F124054FF0FF0B4FF017
:104F00000D094FF0FF0AC4F83080E169384603F01C
:104F1000B5FC0028EAD1266A3078002800F09B8092
:104F2000F27AE52802F03F01A1712CD012071BD4C0
:104F30000F291BD05FEA0B6007D1304605F0ECFF6C
:104F40005FFA8AF1814200F0888094F82F00C00750
:104F500019D10020295C325C0A2802D001308A4233
:104F6000F8D08A420FD178E00F290CD194F82F1095
:104F700049060CD4410611D45FFA8BF1884204D162
:104F800006F10D0111E0C4F830804FF0FF0B204610
:104F9000002100F067F80028B7D0A7E73146626922
:104FA00000F0BF0B11F80DAF226308785FFA8AF1A9
:104FB0008142EAD1708B0028E7D1CDE900A74FF0FC
:104FC000000838690290307800F03F0010FB09F0CB
:104FD000A0F10D0A012002E0002008F10108B8F15B
:104FE0000C0F20D81E49000411F8081036F8019063
:104FF00012D0BAF1FE0F24D81FFA89F001F05EF842
:105000000746029830F81A0001F058F8874218D184
:105010000AF1010A4846E0E71FFA89F04FF6FF71EE
:105020008842D9D00DE000041CBF307810F0400059
:1050300002D1ABF1010B06E0029830F81A0000280B
:10504000F7D04FF0FF0B019FDDF800A04FF0FF38C5
:105050004FF00D099BE7042048E7002046E700BF1A
:10506000A80501082DE9F8430446C0690F46042548
:10507000A8B1616901F120060021B1EB565F0ED1A4
:10508000D4F80090B9F80C10B6FBF1F202FB1161F4
:1050900049B109EB01000025666138302062E8B2B1
:1050A00001B0BDE8F0830130E061A16931B1B9F828
:1050B0000A00013810420AD00021EAE7B9F80800D6
:1050C0000021B0EB561FE4D8E1610425E7E7204654
:1050D00001F0F2FB8046022801D20225DFE718F139
:1050E00001002CD0D9F81C0080450DD2484641461D
:1050F000C4F81880FFF78CFCE061B9F80C00B6FB2F
:10510000F0F101FB1061C4E78FB1A1692046FFF700
:105110002DFD8046013003280DD21B4901EAC00055
:105120001A4921FA00F0C0B201B0BDE8F0830020B6
:105130000425E061B3E7484606F080F908B101258F
:10514000ADE7B9F80C1009F13800FBF7E0F8484674
:105150004146FFF75DFC002701250AE0484689F833
:10516000035006F06BF9002899D1D9F834000137C3
:105170000130C9F83400B9F80A108F42EED3C01BD1
:10518000C9F83400B2E700BFF8FFFF0001070200D2
:105190002DE9F04F87B0044690F82F0010F0A00FD3
:1051A00003D0062007B0BDE8F08F22684FF0000B57
:1051B000106930F81B100BF1010B0029F9D104F133
:1051C0002408002002AF211891F82410395401302E
:1051D0000C28F8D19DF81300019210F0010F03D1B3
:1051E000800772D4012576E0954DCDF800804020EF
:1051F0004FF0010C4FF0030A0DF114084FF00009B5
:1052000084F82F0058E00198002100697A5C631847
:1052100001310B2983F82420F8D1BCF1060F674631
:1052200012D214E010230CE002F0010617F4004F34
:10523000A3F1010346EA470118BF6940C2F34E02D9
:105240000F46002BF0D102300288002AEAD1072055
:1052500039466AF31F11392988BF0731B9EB171F87
:1052600008F800104FEA1711A0F101000F46EFD126
:105270007E2108F80010002100E00131814204D2B3
:10528000621892F82420202AF7D16646072804EBFA
:10529000010301F101019ABF18F80020013020221A
:1052A000082983F82420F1D32046FFF717FEF8B928
:1052B000B44602AF06F1010CBCF1630FA3D9002084
:1052C000BCF1640F08BF07206CE70BF10B000D2148
:1052D000B0FBF1F0451C27682046002100F0B4F82F
:1052E00080B1042808BF072000287FF45BAF21E0CD
:1052F00004287FF457AF9DF81300DDF8008084F890
:105300002F006DE70026E169384603F0B7FA002860
:10531000E7D1206A0078E52800D018B90136AE42FE
:1053200001D107E0002620460121FFF79BFE00285F
:10533000E9D0D6E7B5F1010A5FD06069A0EB4A1168
:10534000204600F081F800287FF42CAF4046CDF8CD
:10535000008005F0E1FDDFF8EC90019D804604F14E
:105360001C0B4FF6FF77DBF80010284603F086FA97
:1053700000287FF417AF206A0F21D5F810C05FFA1C
:105380008AF20023002580F80D80A0F80B100D2173
:10539000438312FB01F20D3AADB219F803600133F9
:1053A000BD421ABF3CF8125001324FF6FF758555C9
:1053B0000644290A002D717008BF3D460D2BEBD124
:1053C000BD4202D14AF0400106E03CF8121000292B
:1053D000514608BF4AF04001019D017001200021A3
:1053E000E8702046FFF73EFE00287FF4DBAEBAF1FE
:1053F000010AB8D1DDF8008002E0019D04F11C0B28
:10540000DBF80010284603F039FA00287FF4CAAE12
:10541000206A2021FAF77BFF206A002118F801207A
:10542000425401310B29F9D194F82F10206A01F070
:105430001801017301990120C8700020B2E600BF75
:1054400021100100A80501082DE9F0410446264875
:105450000D46014203D00220C0B2BDE8F081D4F86D
:1054600000806561A768DFB1B8F80A00B8F80C10D1
:1054700001FB00F60DE02046394601F01DFA074613
:1054800001302ED0022FE6D3D8F81C008742E2D29A
:10549000AD1BB542EFD240463946FFF7B9FA0FE0EF
:1054A00098F80000032803D3D8F82C70002FDBD124
:1054B000B8F80800B0EB551FCDD9D8F82C0000275C
:1054C000E0610028A761C6D0B8F80C10B5FBF1F276
:1054D00002FB1151104441443831C4E90701002056
:1054E000BAE70120B8E700BF1F00E0FF1D490A5CD2
:1054F0000AB10020704701220A5401EB80020844DF
:105500005268007A12681047DFF858C00CEB80032D
:1055100060445B68007A1B69184700BF10B5114CE6
:1055200004EB800E2044DEF804E0007ADEF808C0C8
:10553000BDE81040604700BF0A4901EB8002084403
:105540005268007A5268104710B5064C04EB800E82
:105550002044DEF804E0007ADEF80CC0BDE810401C
:10556000604700BFE02E0020BCB50D4C0D4A642101
:10557000204606F00BF80C480C4D0D4A64210068DB
:10558000D0E921300090284606F000F82046294650
:105590000022072302B0BDE8B04003F08BB900BF82
:1055A0004C2F00209D200108D80000204100002041
:1055B000041C010870470000F8B52DED048BB0EE17
:1055C000409A20EE810AB0EE418A10EE100AFBF7F5
:1055D00033F8044618EE100A0D46FBF72DF89FED40
:1055E000100B02460B4651EC100BFAF787FF0646EC
:1055F00019EE100A0F46FBF71FF802460B4630461D
:105600003946FAF781FF22462B46FAF7D6FEFBF71A
:1056100026F800EE100ABDEC048B01B0F0BD00BF0F
:10562000000000000000F03F1CB5044600F005FC3F
:1056300050B901A9204605F055FF28B92069FFF7A8
:10564000CFFB08B90020206002B010BD2DE9F04F5B
:1056500089B016468846089008A807A9002200F0DD
:1056600071FD002864D1079D3560D5E90606B11E9D
:10567000884219D995F800B0BBF1010F18D1022664
:10568000002402AF02953846314601F015F920B1E9
:10569000411C45D0012801D140E00134E8690136C0
:1056A0008642F0D300203CE0C8F8000000203FE034
:1056B000D5F82890CDF8048005F1380A00244FF081
:1056C00000080027B8F1000F0BD12846494603F027
:1056D000D5F800BB95F800B0B5F80C8009F10109C8
:1056E00057465FFA8BF0022804D138886FF0010129
:1056F000022207E0384601F0D6FB20F070406FF040
:1057000003010422B0FA80F040090444884417449D
:10571000013ED7D10020DDF8048002E0022000E045
:105720000120C8F80040AC61297941F001012971DC
:1057300009B0BDE8F08F2DE9FC47154680464E1EA6
:1057400000240DF106096F468246B44215DA284658
:10575000494601223B4600F0B0FA009801280CD1DE
:105760009DF806000D28F0D00AF8010B01340A2834
:10577000EBD100208AF8000005E00020002C8AF818
:10578000000008BFA046404602B0BDE8F0872DE902
:10579000F84F0E466946044605F0A4FE054600286B
:1057A00040F02A81657D002D40F02681E16AE1B359
:1057B000701C48D0E068B04238BF0646002EA66193
:1057C00000F0BB80751E20462946FFF70BF9E0610B
:1057D0000146009F3846FFF71BF9002800F00A81B8
:1057E000B989B6FBF1F202FB1162002A00F0A58034
:1057F0007A89B5FBF1F1013A1140226A0E189642FE
:1058000000F09B8094F914000028C0F2CF8004F1CE
:10581000300878784146324601230125FFF77EFEA5
:10582000002840F0E880266287E0E768B74236D279
:10583000207D800734D5A0460021374658F8180F40
:10584000C8F8001035E08B46A06802275BF8048B8F
:10585000E8B1DDF800908246023700260546204672
:10586000294601F029F8012840F2C480411C00F0CB
:105870008D80691C013605468842F0D0474598BFA7
:10588000EBE8026AD9F81C108842E4D3E16A474584
:105890000F608EBF11250025CBF80050ACE03746D5
:1058A000A0464FF00009002F58F8180FC8F80090D4
:1058B00013D0009D00286989AA8902FB01F607D050
:1058C0007A1E0138B0FBF6F1B2FBF6F28A4206D23C
:1058D000A16800294FD0E16106E0002612E0714284
:1058E0000840A0613F1AE169002941D1D8F8006061
:1058F0004FF00009E068864204D9E660207D40F060
:1059000040002075009FB889B6FBF0F101FB1060E4
:1059100098B1226A914510D094F91400002837DB21
:1059200004F13006787831464A4601230125FFF715
:10593000F5FD00285FD1C4F8209000255CE0A06947
:105940003044A061207D800704D4204600F0B4FFDD
:10595000014604E02046FFF709F90146A0B3481CC0
:1059600014D0022946D3E869814243D2BF1BE161CA
:10597000B742E4D82AE020460021FFF7F7F80146B5
:10598000013003D0012935D0A160A4E7012532E020
:1059900004F130067878012301253146FFF7D4FD64
:1059A00048BB207D00F07F002075BBE704F1300884
:1059B0007878012301254146FFF7C6FDD8B9207D3F
:1059C00000F07F00207524E700210027D8F80000B0
:1059D000C619C8F80060A889B7FBF0F808FB10707A
:1059E00000283FF485AF2846FFF712F810B108EB06
:1059F00000097FE702256575284601B0BDE8F08FF4
:105A0000FEB50290054668461446CDE9001100F047
:105A1000C9FF002815DB0E4901EB80077E6826B11F
:105A20003046FEF7CFFF0020307065B10020012C1A
:105A300028707D6009D101A802A9002200F082FB34
:105A400003E00B2001E07D60002003B0F0BD00BF4B
:105A5000BC0100202DE9F04F8FB015460446002808
:105A60000E910BD005F03F060EA86946324600F0B5
:105A700069FB074638B10020206000E00927F8B232
:105A80000FB0BDE8F08FDDF800800E9901A8CDF8C9
:105A9000048000F0A1FC074668B99DF93300002896
:105AA00008DB15F03E0101A818BF0121FEF752FFE7
:105AB000074600E00627F0B216F01C0F0FD0E7B142
:105AC000042FD8D17149002003E00A68E2B11031F7
:105AD00001300128F9D9022816D11227CBE7002F6F
:105AE000C9D19DF80A1011F0100F40F0AE80800768
:105AF00050D511F0010005D14CE09DF80A1011F0CD
:105B0000110F0AD00727B6E701A8FFF741FB0746A8
:105B10000028B0D146F0080602E0400700F1978067
:105B2000300737D500F03CFF099F0546294607F1AD
:105B30000E0005F0A3F907F11600294605F09EF9BD
:105B400020203946F872404601F09EF905460020B3
:105B5000788398F80010032908BFB882F861012003
:105B6000002D88F8030015D0D8F8349001A82946F4
:105B7000002203F0FFFA074600287FF47CAF40467E
:105B8000494602F07BFE0746681E002FC8F8140045
:105B90007FF471AFD8F83400DDF82490002100279D
:105BA000C4E9090906F0080046EAC00B5FFA8BF069
:105BB000012801A888BF012101F068F800282061B0
:105BC00062D04046494601F05FF90546A06009F100
:105BD0001C0001F068F9E060E762C4F800808246CA
:105BE00004F130094FF48051B8F8060084F814B07D
:105BF00067752762A761A0804846FAF788FBB00660
:105C00007FF53DAFBAF1000F3FF439AFC4F818A0EB
:105C10000027B8F80A00B8F80C1001FB00F610E0F5
:105C2000B24516D92046294600F046FE0546013009
:105C3000AAEB060AB0FA80F0022D4FEA501738BFDF
:105C400002273806ECD0E56115E7042713E708279B
:105C500011E7E561B8F80C00BAFBF0F606FB10A0FE
:105C600080B140462946FEF7D3FE68B13218494656
:105C700001230127226298F80100FFF74FFC00285A
:105C80007FF4F9AE0027FAE60227F4E6BC240020F0
:105C9000B0B594B00446002001ADCDE901100390E9
:105CA00003E0284603F0A0F8013421780029F8D158
:105CB00001A803F0BCF814B0B0BD2DE9FE4F0446B6
:105CC00000200F4602A99B4616461860204605F0A4
:105CD00009FC002840F0AE80607D002840F0AA80DA
:105CE000207DC00701D10720A4E0E068A169401A27
:105CF000B04238BF0646DDF8089004F1300001904C
:105D0000002E00F09180B9F80C00B1FBF0F202FB1C
:105D10001013002B47D1B9F80A00013810EA020825
:105D200001D0E16912E029B1E06A28B12046FEF70E
:105D300059FE05E0A16804E0E169204600F0BCFDE1
:105D40000146012972D9481C72D0E1614846FEF72C
:105D50005FFE00286AD000EB080AB9F80C00864202
:105D60003BD2226A52451BD094F91400B0F1FF3F98
:105D70000BDC99F8010001990123FFF7E5FB0028EE
:105D800056D1207D00F07F00207599F8010001991F
:105D900052460123FFF7C2FB002849D1B9F80C0095
:105DA000C4F820A0A169B1FBF0F202FB1011451A62
:105DB0006018B54200F13001384688BF35462A46A2
:105DC00001F09EFDA069761B2F444119A161DBF80B
:105DD00000002844CBF8000092E7B6FBF0F5B9F8D4
:105DE0000A10524605EB0800884288BFA1EB08055F
:105DF00099F8010039462B46FFF790FBC0B994F99A
:105E00001400B0F1FF3F0BDC206AA0EB0A00A842AF
:105E100006D2B9F80C20019900FB027001F070FD68
:105E2000B9F80C004543CDE7002003E0022000E074
:105E30000120607503B0BDE8F08FF8B569460446EF
:105E400005F050FB0746F0BB207D10F0400F01D15C
:105E5000002738E0009D00060CD5226A687804F11E
:105E6000300101230127FFF76FFB60BB207D00F0AD
:105E70007F00207500F094FD616A0646284602F016
:105E8000FDFC0746F8B9A76AF87A394640F02000C9
:105E9000F8722068A26804F0E5FFE16807F11C00D1
:105EA00004F0ECFF07F11600314604F0E7FF002094
:105EB00078820120E870284605F084FA0746207DA4
:105EC00000F0BF002075384601B0F0BD2DE9FE4F4F
:105ED000044600208B4602A99A46164618602046C2
:105EE00005F000FB002840F0C580607D002840F0F0
:105EF000C180207D800701D40720BBE0A1698819FB
:105F000028BFCE43DDF8089004F130000190002E48
:105F100000F0A680B9F80C00B1FBF0F202FB101300
:105F2000002B54D1B9F80A00013810EA02081CD13C
:105F300029B1E06A40B12046FEF754FD08E0A068B0
:105F400048B92046002101E0E1692046FEF70EFE37
:105F5000002800F08580411C00F08A80012800F0B4
:105F60008580E061A16801B9A06094F91400B0F1E6
:105F7000FF3F0CDC226A99F8010001990123FFF729
:105F8000E3FA002874D1207D00F07F002075E169DC
:105F90004846FEF73DFD002868D000EB0805B9F83B
:105FA0000C00864236D2216AA9420ED0E168A2696D
:105FB0008A420AD299F8010001992A460123FFF783
:105FC000ADFA002854D1B9F80C002562A169B1FBE3
:105FD000F0F202FB1011451A60185946B54200F163
:105FE000300088BF35462A4601F08AFC207D40F00B
:105FF00080002075A169E068761BAB44294481428A
:10600000A16188BF0846E060DAF800002844CAF8B9
:1060100000007CE7B6FBF0F7B9F80A102A4607EB58
:106020000800884288BFA1EB080799F8010059468B
:106030003B46FFF789FAD8B9206A401BB8420AD21A
:10604000B9F80C2000FB02B1019801F059FC207D49
:1060500000F07F002075B9F80C0007FB00F5C9E7D8
:10606000207D40F040002075002003E0022000E089
:106070000120607503B0BDE8F08F0000802838BFB4
:10608000704751B1FF288FBF00200B4901EB400042
:106090006FF0FF0198BF405A7047074A002104E0A3
:1060A00032F81330834203D001318BB27F2BF7D902
:1060B00001F18000C0B27047B605010880B51F4AE3
:1060C0001F49B0F5805F38BF11460BE04A880431A4
:1060D0005CFA82FE130A86450DD8D2B2002B08BFA7
:1060E00001EB4201B1F800C0ACF1010292B2824270
:1060F000ECD380B280BD082BFBD8DFE803F0050AA3
:1061000010121416181A1C00A0EB0C0031F8100025
:10611000EFE7A0EB0C0101F00101401AE9E71038AC
:10612000E7E72038E5E73038E3E71A38E1E70830F9
:10613000DFE75038DDE7A0F5E350DAE7D2240108C5
:10614000162401082DE9F04F85B00F4600211546B1
:10615000396000F027FC0646002817DBDFF868826C
:1061600008EB8600446814B33C6005F0FE05207817
:1061700070B16078FFF7E0F910F0010F08D1400727
:106180000A21002D18BF01EAE07527E00B2525E064
:10619000002066702070F0B2FFF7A8F910F0010F30
:1061A00007D145B110F0040005D00A2516E00C25F2
:1061B00014E0032512E004F10C05607802212A4660
:1061C000FFF7A2F948B92888A0F5007189B2B1F5A6
:1061D000606F02D8411E014204D00125284605B057
:1061E000BDE8F08F204600210025FEF77BFB02284A
:1061F00020D101AE002537460BE0601990F8FA1166
:1062000021B100F5FF7000F04EFE00E0002001C754
:106210001035402DF1D1002756F8275035B12046D2
:106220002946FEF75FFB022801D207E00320013771
:10623000042FF1D30428D0D001282CD8B4F84390EF
:10624000A089814527D1B4F84EB0BBF1000F04D12D
:1062500004F15C0000F027FE8346C4F820B094F8F7
:106260004870781EA770C0B2012814D894F8456011
:10627000002E66810FD0701E30420CD1B4F849A0B8
:106280004FEA5910BAFBF0F1A4F808A001FB10A0E6
:106290000091000401D00D25A0E7B4F84B0018B917
:1062A00004F1580000F0FFFDB4F84620002AF2D0B7
:1062B0000BFB07F1009F8B183B449842EBD3C01AAD
:1062C000B042E8D3B0FBF6F6B71C38460097E7615A
:1062D0000327A8185A19C4E9095022634FF6F67229
:1062E000964240F6F67238BF0227964238BF012721
:1062F000032F11D194F8620094F8631040EA0A0069
:1063000040EA01200004C6D104F1640000F0CBFD96
:10631000E0620098800010E0BAF1000FBBD00844A2
:10632000022FE06202D10098400006E0009901EBE4
:10633000410001F0010101EB500048440138B0FB7D
:10634000F9F08345A7D34FF0FF30032FC4E90500D0
:106350004FF08000207128D1B4F86800012824D1C2
:10636000691C204602F08AFAF8B900204AF6552145
:106370002071B4F83602884217D104F1380000F0D9
:1063800092FD1249884210D104F5077000F08BFD90
:106390000F49884209D104F5087000F084FDA0611E
:1063A00004F5097000F07FFD606127700949B8F8B5
:1063B00000000130A8F800002161E0802046FEF7CF
:1063C00001FB00250AE700BFBC01002052526141D9
:1063D00072724161DC2400202DE9F04F85B0D0F8C5
:1063E00000900D46824600E0013528785C2818BFF1
:1063F0002F28F9D00020CAF8080028781F2809D8CB
:10640000802000218AF82F00504605B0BDE8F04FEB
:10641000FFF71AB8954C0AF1240B4846D0F81080C3
:106420000026A85D771C202825D35C2818BF2F28BC
:1064300018D0FE2E00F20B810121FFF71FFE00286D
:1064400000F005817F2808D8214611F8012B0AB1F8
:106450008242FAD1002A40F0FA8028F816003E461F
:10646000DFE70137E85D5C2818BF2F28F9D04B46DD
:106470004FF0000902E04B464FF004093D44A8F1FB
:1064800002003146002E00F0DF8030F811204E1E51
:10649000202A18BF2E2AF4D00027202228F81170B5
:1064A0008BF80A2042F22002ABF808204FF020328D
:1064B000CBF80420CBF8002000E0013738F8172093
:1064C0002E2A18BF202AF8D0002F18BF49F0030940
:1064D000CDE9033B31B130F8112001392E2AF9D131
:1064E0004B1C00E00023A3F1010B4FF0080C002629
:1064F000002438F8170039460137202803D02E2809
:1065000004D18B4526D049F00309F2E700284FD08B
:10651000644547D28B4545D080280DD30021CDE975
:10652000013CFFF7ABFD38B35149DDE9013C49F0CF
:106530000209084410F8800C4E4911F8012B0AB1E9
:106540008242FAD1E2B940281DD95A2821D846F012
:10655000020618E001211F4649F00300BCF10B0FB1
:106560006FD0002908BF81469F4221D8B6004FF066
:106570000B0C08241F46BCE7DDE9013C49F0020989
:1065800049F003095F200AEB0401013481F824007B
:10659000AFE7A0F1610189B219299CBF203846F00C
:1065A0000106F0E7ABEB0100B0FA80F04109D3E758
:1065B000484604990522DDF80C9040F002032B4C6C
:1065C0000978E52904BF04990A70BCF1080F08BFD7
:1065D000B60006F0030106F00C02032908BF1846B6
:1065E0000C2A08BF184610F0020F07D1012908BF76
:1065F00040F01000042A08BF40F008008AF82F007D
:106600005046FEF76BFC9AF82F10DDF810B010BB67
:10661000480727D49AF80600C00625D5B9F80C001B
:10662000DAF81410B1FBF0F202FB1010484400F14C
:106630003801484600F028FCCAF80800DAF80000E3
:10664000ECE64FF00B0CB4E70020A8F800000620A1
:1066500005B0BDE8F08F042804BFC1F38000C0F18D
:106660000500F5E70020F3E70520F1E7AD23010879
:1066700098BF0008A62301082DE9FC413B4C82216C
:1066800020460194F9F743FEDFF89887384ED8F892
:1066900000003168C0F880103648214602F0E0FB67
:1066A00000285BD00020002102E046F821000131E3
:1066B0001A29FAD12078002701AD000613D0204610
:1066C00029460A22F9F741FE019946F82700087881
:1066D0002C2811BF0C464C1C01944878192F02D06D
:1066E00001370028E9D1D8F8000096E80610D6E96D
:1066F000037ED6E90543F56900F1800888E8861035
:10670000C0E9244EC0E9263506F1200700F1A008B3
:106710008ECFD6E90C54D6E90ECEA8E88E00C0E99B
:106720002C54C0E92ECE06F140078ECFD6E9145482
:10673000D6E916CE00F1C008A8E88E00C0E93454AE
:10674000C0E936CE06F1600700F1E00C8ECF366F5F
:10675000ACE88E00C0F8F060012003E0092003F0EF
:1067600027FB002002B0BDE8F08100BFB02F002061
:1067700034300020730B01082DE9F041FBF75AF883
:10678000484C2168401A1E28C0F08580FBF752F85B
:10679000454E2060306890F8301090F83120012983
:1067A00008BF002A0AD0012A66D1012961D100213F
:1067B0000186FBF73FF8206002246DE03B4C002788
:1067C000DFF8CC8B0121012287632046C047204699
:1067D00002210122C047364D2846FBF797FEA4F55B
:1067E00054404FF482714FF40072202385E88300F7
:1067F0000A20C5E90377C5E90572EB61C5E90877A9
:10680000C5E90A702846FBF798FE316801F13800A7
:106810003A31FCF77BFF2846FBF778FE2846EF610C
:10682000FBF78BFE28680022016841F040010160FF
:1068300020460221C047FAF7FDFF3168496B401A34
:1068400042F2117188422AD2FAF7F4FF31684A6B9A
:10685000801A41F28932904205D3087818B100209D
:1068600001F056F83168088F08B9488F20B101242B
:1068700012E0002180F83110FAF7DCFF31684A6B32
:10688000801A0C4A904206D3087820B100200024D8
:1068900001F03EF800E00024E0B2BDE8F081FDF731
:1068A00085FF00BF98310020D8000020000402407E
:1068B00070020020E1930400F8B50C46022938D399
:1068C0000568E869A04234D92878032834D0022822
:1068D0004AD001282DD1A88904EB5407A96AB7FB37
:1068E000F0F00144284601F0C9FF002846D1A889EC
:1068F000B7FBF0F101FB107101372944B7FBF0F051
:1069000091F83860A96A0144284601F0B7FFA8BB96
:10691000A889E207B7FBF0F101FB1070284490F85A
:10692000380046EA002108466FF31F3018BF0809F7
:1069300000E0012001B0F0BDA889A96A8008B4FB7D
:10694000F0F00144284601F099FFB8B9A889A100E8
:10695000B1FBF0F14843C0EB84002844383000F02C
:10696000A2FA20F07040E5E7A889A96A4008B4FBC4
:10697000F0F00144284601F081FF10B14FF0FF30E4
:10698000D8E7A8896100B1FBF0F14843C0EB4400AF
:10699000284490F8381090F8390041EA0020C9E7FF
:1069A000002070470268D2B1002302E03A2905D0E6
:1069B0000133D15C2029F9D2002112E01178A1F134
:1069C000300CBCF1090F0AD8012B4FF0FF3108BF82
:1069D000BCF1000F05D1D11801310160ECE74FF097
:1069E000FF310846704700002DE9FF47FFF7C4FE5E
:1069F000022803D0FFF7C0FE042811D173480068B5
:106A0000018FFA3989B241290AD8408FC83880B23B
:106A1000232805D8072004B0BDE8F04700F078BF70
:106A2000FAF708FF6A4CA168401AB0F5FA7F38BF40
:106A3000BDE8FF87FAF7FEFEA0600F26FA20C82106
:106A400040F23B12EB230096FCF7AFFA614C624A2E
:106A5000DFF8888164212046C047614F4FF6FF75FB
:106A6000DFF880A1D2212246D7E900308DE861000D
:106A7000FF20D0475C4A20466421C047D7E9003058
:106A800042F66519052122468DE821023C20D047B7
:106A90004E4E30684069F9F7CFFD544A41EC100B77
:106AA000204664218DED000BC047D7E9003021213D
:106AB00022468DE821020A20D04730688069F9F724
:106AC000BBFD4B4A41EC100B204664218DED000BC1
:106AD000C047D7E90030382122468DE821020A203C
:106AE000D0473068C069F9F7A7FD424A41EC100B66
:106AF000204664218DED000BC047D7E900304F21BF
:106B000022468DE821020A20D0473068006AF9F752
:106B100093FD394A41EC100B204664218DED000BAA
:106B2000C047D7E90030662122468DE821020A20BD
:106B3000D0473068406AF9F77FFD41EC100B2FA277
:106B4000204664218DED000BC047D7E900307D2140
:106B500022468DE821020A20D0473068806AF9F782
:106B60006BFD41EC100B2EA2204664218DED000B35
:106B7000C047D7E90030942122468DE821020A203F
:106B8000D0473068C06AF9F757FD41EC100B2DA2D1
:106B9000204664218DED000BC047D7E90030AB21C2
:106BA00022468DE821020A20D047304830A26421D5
:106BB00003682046C047D7E90030C22122468DE84D
:106BC00021020A20D047BDE8FF8700BFD80000207F
:106BD0009401002041000020082001088DB5000824
:106BE000A800002015380008B7200108671D01081B
:106BF0004B1D0108AC1D0108861D0108D09ED0BFA9
:106C0000D0BED180D0B020D0BFD180D0BED186D070
:106C1000B02020202020202020252E3266000000D9
:106C2000D09FD0B8D182D0B0D0BDD0B8D0B520D010
:106C3000BFD180D0BED186D0B020202020202025FA
:106C40002E326600D0A2D0B5D0BCD0BFD0B5D18096
:106C5000D0B0D182D183D180D0B020D0BFD180D06C
:106C6000BED186D0B02020252E3266002400002020
:106C7000D09CD0B5D181D182D0BE20D0BDD0B020A3
:106C80007364202564D0BAD0B100000010B5DFF8DD
:106C900094C04FF0000E0CF104030FE0026853F8AB
:106CA000044C944207D182681C68944203D1426923
:106CB0005C68944224D010330EF1010EBEF1010F36
:106CC000ECD9BEF1020F1BD14FF0000E06E0DCF84C
:106CD00000204AB10CF1100C0EF1010EBEF1010FB3
:106CE000F5D9BEF1020F13D00268CCF800208268FB
:106CF000CCF8042000224069ACF80C20CCF8080045
:106D00000848002900EB0E1030F80C3F02D01BB1F0
:106D1000002010BD591C01E04FF4807101800EF17C
:106D2000010010BDBC2400202DE9F0473A4EDFF8E9
:106D3000EC800022002730464146FBF7B2F9DFF82D
:106D4000E090304600224946FBF77AF9DFF8D4A0FC
:106D5000DAF80000078687634771C0F8017002F017
:106D60003FFA02F07FFADAF8000080F8007180F84C
:106D7000F47001F063FE00F063F8002000F0C8FD3D
:106D8000FCF7D6FEFFF778FC38B3DAF80040264867
:106D9000D4F88010814202D1FDF71CFD1DE0C4F83B
:106DA000800004F184001421F9F7B1FA98F800008A
:106DB00098F8011098F8022099F8023099F80150DB
:106DC00099F8036004F1980CACE86F0004F1B0008E
:106DD0004421F9F79CFA04F059FB1448062200F10B
:106DE00008011348FAF70CF90220FAF7A3FBFDF7A4
:106DF00023FFDAF80000B2EE041A90ED050AB4EEB3
:106E0000C10AF1EE10FAC8BF0127477109A002F0CC
:106E10005DF90120BDE8F0871401002064310020F5
:106E200010010020D8000020FEC2BF7C38030020E3
:106E300034010020537461727420435055000000E7
:106E400010B500F033F80E480E4C012200680168BE
:106E500041F04001016020460221FAF7E6FC20469D
:106E600001210122FAF7E1FCFCF7A4FA0220FCF769
:106E70000DFC42F66510FCF789FA012010BD00BF39
:106E800070020020000402400278887ECB7E40EA37
:106E90000320032A18BF70470A7D497D42EA012179
:106EA00040EA0140704700687047000010B5054C8B
:106EB00000212046FBF720FF20684FF47A714163E0
:106EC000012010BD200200202DE9F84381464FF03B
:106ED000000814460D4620200DF101070026ADF8EC
:106EE00002808DF8010031E0284639460122F9F789
:106EF00019FABDF80200013601350130ADF8020083
:106F0000B0B2A042F0D319F8010F0026C0280BD36D
:106F1000284649460222F9F705FABDF8020009F1B0
:106F20000209023502300AE0284649460122F9F7F3
:106F3000F9F9BDF80200013509F101090130ADF898
:106F400002000136B0B2A04228BF464699F80000C0
:106F50000A28D5D00028D9D1BDF8020001B0BDE87B
:106F6000F08300002DE9F04F95B0FAF76DFCFDF7C6
:106F70008DFA00255B4C5C4EDFF814844FF4005111
:106F800000224FF4005B04950A95206806F5F0375F
:106F900040F004002060206800F004000A900A9885
:106FA0000A95206840F080002060206800F0800092
:106FB0000A900A980A95206840F001002060206835
:106FC00000F001000A900A980A95206840F002003B
:106FD0002060206800F002000A900A983846C047F6
:106FE00006F5EC3941F2101100224846C04706F57B
:106FF000EE3641F2FB7100223046C047CDF800B0BA
:10700000E846DFF890B34FF0010A3846DF4F4146BB
:10701000CDE901A50395D84741F210104146CDE9CD
:10702000000A4846CDE90255D84741F2FB70414677
:10703000CDE9000A3046CDE90255D8474FF4441057
:10704000414601900420009030460295D847022620
:107050004FF4C060414601960090032002950390D2
:10706000072004904846D84708200A210022FAF752
:107070004DFC0820FAF73CFC009500210022206816
:1070800040F4800020602068012400F4800000901B
:1070900000983820FAF73AFC3820FAF729FCDFF894
:1070A000F88207F57841BD4A404640F8241F4FF466
:1070B0008031057680F82050C0E90A250622C26199
:1070C00080F83050C0E90115C0E903544461CDE9AE
:1070D0000255CDE90055F9F7A3FE002840F0548190
:1070E00004E000BF3038024000280040CDE90054E1
:1070F00008F12405694602962846F9F7F9FD0028AB
:1071000040F0428102240120694601940090284603
:10711000F9F7EEFD002840F037810326694628463E
:10712000CDE90046F9F7E4FD002840F02D81042068
:107130006946CDE900602846F9F7DAFD002840F0FD
:107140002381052006246946019095480294009009
:107150002846F9F7CDFD002840F016811120019452
:107160006946B94600902846F9F7C2FD002840F06C
:107170000B818C484FF4827709F5843100254FF458
:10718000007A0A244E46C0E90017C0E90255C0E95A
:107190000455C0E906A5C0E90855C0E90A54FBF743
:1071A000CCF9002840F0F0807F4806F58051082295
:1071B000C0E90017C0E90255C0E90455C0E906A2BC
:1071C000C0E90855C0E90A54FBF7B7F9002840F0B8
:1071D000DB80002568461C21CDE90A55F9F797F8B0
:1071E00072484CF250314FF080424FF47A73C0E94C
:1071F0000021C0E9025305618561FBF72AFD0028E3
:1072000040F0C28069480AA9CDE90A55FBF75EFC47
:1072100000284C4640F0B8800025602069460022D6
:10722000019500900220029060480495FBF7C4FC91
:10723000002840F0A9805D48FBF780FC0AA81421D3
:10724000F9F765F868462821F9F761F840467F218B
:10725000FF2240F8044FC0E90151C0E90325C0E90D
:107260000555FAF757FF002840F08E8000204FF0B8
:10727000004108F1040500228DF80200ADF800007D
:107280000190CDE90300CDE905104FF0804069463B
:10729000079001208DF820004FF480700990284657
:1072A000FAF79CFF00286FD12846414600220026AD
:1072B000FAF7C6FE98F8020001281ED198F80100DE
:1072C00001281AD198F80300B8B90C2038490022D7
:1072D000ADF8280000208DF82A00CDE90D004046C9
:1072E00002C00AA9FBF786F800284DD1284641467E
:1072F0000022FBF725F8002846D10AA81C21CDE979
:107300001266F9F704F868462021F9F700F82948D1
:1073100004F558414FF6FF72C0E90016C0E9026259
:10732000C0E904668661FBF794FC68BB2148002431
:1073300012A9CDE91244FBF7C9FB28BB60200B94CE
:107340000AA90C220A901B480C94CDE90E44109413
:10735000FBF732FCC0B96C4614212046F8F7D7FF82
:107360000020214607904FF4005005901148FBF78C
:1073700085FB48B90F48FBF7E1FBFCF77FFBFFF704
:10738000D3FC04F0C9F8FCE7F9F74CFC00280040F6
:107390002B18000881160008100100200100000FC2
:1073A0001200001070020020D002002020020020F5
:1073B0000209011AD00100202DE9FE43DFF86444E0
:1073C000607801281DD10FF22C50FDF72DFB02280B
:1073D00043D0012840F00481002020210022C4F87D
:1073E0000100A4F805007F4C2046FAF71EFA20465B
:1073F00040210022FAF719FA0720BDE8FE4300F009
:1074000087BAA078012812D1DFF8DC04FDF70CFB65
:1074100002283CD0012840F0E3800020A070A07931
:1074200000284FD042F66510FBF7B0FF4FE0E07840
:10743000012815D1DFF8A404FDF7F6FA022856D08A
:10744000012840F0CD800020E070A079002876D09F
:1074500042F66510FBF79AFF76E000206070B2E11B
:107460002079012816D1DFF86804FDF7DDFA02283B
:1074700079D0012840F0B48000202071A079002844
:1074800000F08B8142F66510FBF780FF8AE1002057
:10749000A07098E1607901282CD1DFF82804FDF76D
:1074A000C3FA022800F08D81012840F09980002065
:1074B0006071A079002800F0968142F66510FBF714
:1074C00065FF95E10120A071002003F02DFC454CE3
:1074D00008212046FAF7A4F930B3204608210022FB
:1074E000FAF7A3F9DFF8040401F0F0FD21E0002031
:1074F000E07068E1FFF740F9022803D0FFF73CF99C
:10750000042866D1C8480068018FA1F1FA0292B23E
:10751000412A35D8418FC83989B223299EBF01201D
:107520006070BDE8FE8330E0204608210122FAF7B2
:107530007CF9DFF8BC0301F0C9FDBDE8FE83012042
:10754000A071002003F0F0FBCE4C10212046FAF78A
:1075500067F958B1204610210022FAF766F9E04891
:1075600001F0B4FD07E0002020712CE1204610213D
:107570000122FAF75AF9DB4801F0A8FDBDE8FE83C5
:10758000053989B2B1F59B7F23D8408FA0F128013E
:1075900089B219299EBF0120A070BDE8FE83A0F129
:1075A000410189B219299EBF0120E070BDE8FE8328
:1075B000A0F15A0189B219299EBF01202071BDE8AE
:1075C000FE83733880B2192803D801206071BDE8AA
:1075D000FE83FAF72FF9A168401AB0F57A7F03D23B
:1075E000BDE8FE8300040240FAF724F9A0600F27EB
:1075F000FA20C82140F23B12EB230097FBF7D5FCA1
:107600008A4C8B4A8B4D64212046A8478A4E4FF600
:10761000FF78D2212246D6E90030CDE90008029752
:10762000864FFF20B84786A220466421A847D6E9A6
:10763000003042F66519052122468DE801031E201F
:10764000B8478AA220466421A847D6E900302821FD
:1076500022468DE801032820B8470F203221092255
:107660004FF6FF73FBF7C4FC0F2032210A224FF6BE
:10767000FF73FBF7BDFC834C08212046FAF7D0F8D6
:1076800030B90F20322105224FF6FF73FBF72EFC95
:10769000664D7DA26421284603F078FFD6E90030CC
:1076A00041212A468DE801032820FCF7B3F80F207A
:1076B0004B2109224FF6FF73FBF79AFC0F204B2159
:1076C0000A224FF6FF73FBF793FC20461021FAF7CE
:1076D000A7F830B10F204B2105224FF6FF73FBF7BF
:1076E00005FC524D6FA26421284603F04FFFD6E9F6
:1076F000003042F665175A212A46CDE900082820B5
:107700000297FCF787F80F20642109224FF6FF73D8
:10771000FBF76EFC0F2064210A224FF6FF73FBF784
:1077200067FC20462021FAF77BF830B10F20642156
:1077300005224FF6FF73FBF7D9FB3C4D604A6421ED
:10774000284603F023FFD6E9003073212A46CDE90D
:10775000000828200297FCF75DF80F207D21092200
:107760004FF6FF73FBF744FC0F207D210A224FF6F2
:10777000FF73FBF73DFC20464021FAF751F8002843
:1077800008BFBDE8FE830F207D2105224FF6FF7361
:1077900003B0BDE8F043FBF7A9BB0120A0710020B6
:1077A00003F0C2FA374C20212046FAF739F880B1AD
:1077B000204620210022FAF738F8464801F086FCDE
:1077C0000CE00020607142F66510BDE8FE43FBF757
:1077D000DDBD204620210122FAF727F83E4801F0BE
:1077E00075FCBDE8FE830120A071002003F09CFA27
:1077F000244C40212046FAF713F840B1204640219E
:107800000022FAF712F8304801F060FC04E020464C
:1078100040210122FAF709F82C4801F057FCBDE895
:10782000FE8300BF94010020D8000020410000200A
:10783000082001088DB50008A800002015380008B0
:10784000D0A3D0BFD180D0B0D0B2D0BBD0B5D0BD46
:10785000D0B8D0B520D180D0B5D0BBD0B520D0BC69
:10786000D0BED182D0BED180D0B00000D0A0D0B5E3
:10787000D0BBD0B520D0B3D0BBD0B0D0B2D0BDD06B
:10788000BED0B50000040240D0A0D0B5D0BBD0B56A
:1078900020D0B7D0B0D0B6D0B8D0B3D0B0D0BDD053
:1078A000B8D18F00D0A0D0B5D0BBD0B520D181D178
:1078B00082D0B0D180D182D0B5D180D0B0000000CC
:1078C000931F0108A41B0108091F01084F1F01088D
:1078D000721B01087B1E0108C31E01081E1B010844
:1078E000D31D01081D1E0108D41B010859200108E1
:1078F00013200108D092D18BD0B9D182D0B83F00EB
:107900002AB111F8013B013A00F8013BF9D1704767
:1079100010B50446092835D8DFE804F0050C0F122D
:10792000151C2326402D42F66510FBF72FFD20483D
:10793000006831E01E48012132E01D4802212FE09D
:107940001B4803212CE042F66510FBF71FFD184889
:10795000042125E042F66510FBF718FD14480521C7
:107960001EE0134806211BE042F66510FBF70EFDF2
:107970000F48072114E042F66510FBF707FD0C489D
:1079800009210DE042F66510FBF700FD08480A2CBE
:10799000006801D10A2104E0002102E00448082126
:1079A000006801700A20BDE81040F9F7C3BD00BFB0
:1079B000D80000202DE9FE4FDFF8F443207801289D
:1079C00016D1DFF8C804FDF72FF8022800F0E68092
:1079D00001283DD10020207001F002FC42F6651024
:1079E000FBF7D4FCDFF8A80401F070FBBDE8FE8FC4
:1079F000FEF7C2FE022803D0FEF7BEFE042820D107
:107A0000DFF8B0030068018FA1F1FA0292B2412AB7
:107A100009D8428FC83A92B2232A04D80020BDE880
:107A2000FE4FFFF775BFA1F2271189B2172908D8B9
:107A3000408F873880B23C2803D801202070BDE8F1
:107A4000FE8FF9F7F7FE6168401AB0F57A7F01D230
:107A5000BDE8FE8FF9F7EEFE60600F25FA20C82121
:107A600040F23B12EB230095FBF79FFAD24CD34A2E
:107A7000DFF84CB364212046D847DFF848A34FF61F
:107A8000FF79D14ED2212246DAE90030CDE9000952
:107A9000FF200295B04740F2271087214FF49F72D4
:107AA000C3230095FBF781FAC84A20466421D847D2
:107AB000C74F8C212246D7E90030CDE9000940F2BA
:107AC0002F100295B047C34A20466421D847D7E912
:107AD000003096212246CDE9000940F22F10029590
:107AE000B047BD4A20466421D847D7E90030A021DD
:107AF0002246CDE9000940F22F100295B047B74A5F
:107B000020466421D847D7E90030AA212246CDE992
:107B1000000940F22F100295B047B14A2046642177
:107B2000D847D7E90030B4212246CDE9000940F218
:107B30002F100295B047DFF87C82AAA26421D8F802
:107B4000000090F83C302046D847DAE9003042F691
:107B5000651505212246CDE9000964200295B0474C
:107B6000D8F8000090F83C1001B390F83D1059B3DC
:107B7000914CA1A26421204603F008FDDAE900300F
:107B800042F665112246CDE90009029105201A212D
:107B9000FBF740FED8F800002A2716E000202070EE
:107BA00042F66510BDE8FE4FFBF7F0BB824CB64ACB
:107BB0006421204603F0EAFCDAE900301A21CDE91D
:107BC000000905200295EDE01A2790F83E10A1B1BA
:107BD000794C97A26421204603F0D8FCDAE9003002
:107BE00042F665112246CDE900090291B9B205209D
:107BF000FBF710FED8F80000103790F83F10A1B145
:107C00006D4C984A6421204603F0C0FCDAE900304C
:107C100042F665112246CDE900090291B9B205206C
:107C2000FBF7F8FDD8F80000103790F84010A1B12C
:107C3000614C8D4A6421204603F0A8FCDAE900304B
:107C400042F665112246CDE900090291B9B205203C
:107C5000FBF7E0FDD8F80000103790F84110A1B113
:107C6000554C824A6421204603F090FCDAE900304A
:107C700042F665112246CDE900090291B9B205200C
:107C8000FBF7C8FDD8F80000103790F84210A1B1FA
:107C9000494C774A6421204603F078FCDAE9003049
:107CA00042F665112246CDE900090291B9B20520DC
:107CB000FBF7B0FDD8F80000103790F84310A1B1E1
:107CC0003D4C6C4A6421204603F060FCDAE9003048
:107CD00042F665112246CDE900090291B9B20520AC
:107CE000FBF798FDD8F80000103790F84410A1B1C8
:107CF000314C614A6421204603F048FCDAE9003047
:107D000042F665112246CDE900090291B9B205207B
:107D1000FBF780FDD8F80000103790F84510A1B1AE
:107D2000254C564A6421204603F030FCDAE9003045
:107D300042F665112246CDE900090291B9B205204B
:107D4000FBF768FDD8F80000103790F84610A1B195
:107D5000194C4B4A6421204603F018FCDAE9003044
:107D600042F665112246CDE900090291B9B205201B
:107D7000FBF750FDD8F80000103790F847000028B6
:107D800008BFBDE8FE8F0C4C3E4A6421204603F03C
:107D9000FDFBDAE9003042F66511CDE900090291F8
:107DA000B9B205202246FBF735FDBDE8FE8F00BFC6
:107DB000A0010020D8000020410000200820010878
:107DC0008DB50008A8000020153800084E210108D4
:107DD000B800002054210108522101085021010857
:107DE00056210108D09ED188D0B8D0B1D0BAD0B831
:107DF00020282025642029002D20D0BCD0B0D0BA66
:107E0000D1812ED0BAD0BED0BB2DD0B2D0BE20D022
:107E1000BFD0BED0BFD18BD182D0BED0BA20D0B718
:107E2000D0B0D0BFD183D181D0BAD0B00000000093
:107E30002D20D0BED188D0B8D0B1D0BAD0B020D00B
:107E4000BED182D0BAD0BB2E20D180D0B5D0BBD08D
:107E5000B520D181D182D0B0D180D182D0B5D180AE
:107E6000D0B00000C1220108F22201081D23010840
:107E70007123010858210108AD210108D52101080D
:107E8000F72101084A230108992101082F2101083F
:107E90005B2201082DE9FF47994C2078012814D175
:107EA000C548FCF7C1FD022800F0E18001283CD163
:107EB0000020207001F0D6F942F66510FBF766FA53
:107EC000BE4801F003F9BDE8FF87FEF755FC022824
:107ED00003D0FEF751FC042820D18A480068018FA6
:107EE000A1F1FA0292B2412A0AD8428FC83A92B25C
:107EF000232A05D8002004B0BDE8F047FFF708BDED
:107F0000A1F2271189B2172908D8408F873880B28B
:107F10003C2803D801202070BDE8FF87F9F78AFCD0
:107F20006168401AB0F57A7F01D2BDE8FF87F9F7A2
:107F300081FC60600F25FA20C82140F23B12EB2340
:107F40000095FBF732F8704C704A714F642120465F
:107F5000B847DFF8C0814FF6FF79DFF8BCA1D22126
:107F60002246D8E90030CDE90009FF200295D0472C
:107F700040F2271087214FF49F72C3230095FBF72F
:107F800014F8664A20466421B847654E8C21224683
:107F9000D6E90030CDE9000940F22F100295D04714
:107FA000604A20466421B847D6E90030962122462F
:107FB000CDE9000940F22F100295D0475A4A2046D9
:107FC0006421B847D6E90030A0212246CDE9000956
:107FD00040F22F100295D047544A20466421B847FA
:107FE000D6E90030AA212246CDE9000940F22F103F
:107FF0000295D0474E4A20466421B847D6E9003062
:10800000B4212246CDE9000940F22F100295D04755
:108010003C4D48A26421286890F85D302046B8475E
:10802000D8E9003042F6651605212246CDE900095F
:1080300032200296D047286890F85D1001B390F87E
:108040005E1059B3304C44A26421204603F09EFADE
:10805000D8E9003042F665112246CDE900090291C7
:1080600005201A21FBF7D6FB28682A2617E00020F6
:10807000207042F6651004B0BDE8F047FBF786B902
:10808000214C4C4A6421204603F080FAD8E90030A4
:108090001A21CDE90009052002962CE01A2690F855
:1080A0005F1099B1184C36A26421204603F06EFA95
:1080B000D8E9003042F665112246CDE90009029167
:1080C000B1B20520FBF7A6FB2868103690F86000D7
:1080D000002808BFBDE8FF870B4C354A64212046C5
:1080E00003F054FAD8E9003042F66511CDE90009F1
:1080F0000291B1B205202246FBF78CFBBDE8FF8759
:10810000A0010020D8000020410000200820010824
:108110008DB50008A8000020153800084E21010880
:10812000B800002054210108522101085021010803
:1081300056210108D09FD180D0B5D0B4D183D0BF13
:10814000D180D0B5D0B6D0B4D0B5D0BDD0B8D18F55
:1081500020282025642029002D20D180D183D1879B
:10816000D0BDD0BED0B920D180D0B5D0B6D0B8D097
:10817000BC20D180D0B0D0B1D0BED182D18B000094
:108180002D20D0BDD0B5D0BED0B1D185D0BED0B419
:10819000D0B8D0BCD0BE20D0BFD180D0BED0B2D05D
:1081A000B5D181D182D0B820D0A2D09E00000000ED
:1081B00092220108752101080021010814220108FA
:1081C0002DE9F04788B0DFF8184500208DF81C0035
:1081D0000690207801280CD1DFF84406FCF724FC37
:1081E000022826D0012840F0D280002020700220F2
:1081F000CBE0607801280ED1DFF82006FCF714FCF4
:10820000022828D0012840F0C2800320FFF780FB1D
:1082100000206070BBE0A07801280DD1DFF8C454C5
:10822000286810F8031FE1B3012945D1DFF8E40500
:1082300039E000202070A7E0E07801280ED1DFF8B7
:10824000A454286810F8041F002966D001296FD1B2
:10825000DFF8B00563E00020607095E02079012828
:1082600031D1DFF88054DFF8882528688178DFF87D
:108270008405002908BF1046FCF7D6FB022800F051
:108280008180012840F0838028688178002900F0EF
:10829000BA80002181700020FFF73AFBDFF8580513
:1082A000B8E0DFF86C05FCF7BFFB022823D00128FB
:1082B0006DD1286810F8031F01291FD051BB002081
:1082C00002F032FD26E0FEF757FA022803D0FEF74F
:1082D00053FA042871D1DFF80C040168088FA0F26A
:1082E0001D1292B21E2A2ED84A8FC83A92B2192A6B
:1082F00034D8072049E00020A07045E0002101703B
:108300000020FCF78FFD0020FFF702FBDFF80805D7
:1083100000F0DCFE0020A07039E0DFF8E404FCF798
:1083200083FB02280CD0012831D1286810F8041FE3
:1083300001291ED019BB01210170DFF8D0041CE017
:108340000020E07020E0A0F11E0292B2642A05D85D
:10835000498F162922D8012020702EE0A0F19B021F
:1083600092B2872A16D8498F162917D80120607033
:1083700023E000210170DFF8900400F0A7FE002048
:10838000E0704BE0002020710020FFF7C1FA08B038
:10839000BDE8F087B0F5A07F0FD8498FA1F120028A
:1083A00092B2162A02D80120A07006E0A1F14C0278
:1083B00092B2162A36D80120E070F9F73BFAA1688C
:1083C000401AB0F57A7FE2D3F9F734FAA060C64ECE
:1083D000C64C002230462146F9F763FEC44D3046B4
:1083E00000222946F9F72CFE28780138062821D8E2
:1083F000DFE800F00422272C31363B0000208DF806
:108400001C00C24835E0012181700020FFF780FA8E
:10841000DFF8E80300F05AFE00202071002002F08F
:1084200083FCB4E7A1F1620292B2162A00F23D8108
:108430000620AAE7B6481CE000208DF81C00B248D0
:1084400017E000208DF81C00AE4812E000208DF8E7
:108450001C00AB480DE000208DF81C00A74808E088
:1084600000208DF81C00A44803E000208DF81C00BB
:10847000A04806906078A178AF7823786A78EE7883
:1084800006AD8DE88300A348CDE90326A2A26421AE
:108490000595441C204603F079F8A94E42F6651173
:1084A0004FF6FF792246D6E90030CDE90009029166
:1084B00014200521FBF7AEF9DFF82882D8F8000078
:1084C000C078012804D0002814BFB54AA9A200E052
:1084D0009CA22046642103F059F8D6E9003042F608
:1084E00065112246CDE90009029114202021FBF7F5
:1084F00091F9D8F800004079012804D0002814BF71
:10850000AA4AA94A00E0A74A2046642103F03EF89F
:10851000D6E9003042F665112246CDE90009029104
:1085200014203621FBF776F9D8F8000000790128ED
:1085300004D0002814BFA04A9E4A00E09C4A20466E
:10854000642103F023F8D6E9003042F66511224693
:10855000CDE90009029114204C21FBF75BF9D8F812
:1085600000004078022806D0012806D0002814BF59
:10857000954A944A02E0914A00E0914A20466421DB
:1085800003F004F8D6E9003042F665156221224670
:10859000CDE9000914200295FBF73CF9D8F800005A
:1085A0008069F8F749F8894A41EC100B20466421AC
:1085B0008DED000B02F0EAFFD6E90030782122466B
:1085C000CDE9000914200295FBF724F9D8F8000042
:1085D0008078012804D0002814BF7F4A7D4A00E03B
:1085E0007B4A2046642102F0D1FFD6E90030DFF853
:1085F000E4AE42F665158E212246CDE9000914202D
:108600000295D047D8F80000C06AF8F715F8734A09
:10861000734F41EC100B204664218DED000BB847E1
:10862000D6E90030A4212246CDE9000914200295A4
:10863000D047D8F800006B4A642190F83C302046BF
:10864000B847D6E90030BA212246CDE90009142006
:108650000295D047D8F80000634A642190F85D3055
:108660002046B847D6E90030D0212246CDE900099E
:1086700014200295D0475D4C40F21D10C8211E22E7
:108680000523CDF80090A04740F21D10D2211E22F4
:108690000523CDF80090A04740F21D10DC211E22DA
:1086A0000523CDF80090A04771E6A1F18E0292B2A9
:1086B000162A02D8012020717FE6B0F5827F3FF6AE
:1086C0007CAEA1F1BA0080B2162801D804205CE685
:1086D000A1F1D00080B216283FF66FAE052054E617
:1086E00028030020D800002014010020643100205D
:1086F00010010020D092D0A1D0A1D091D09FD0A2C3
:10870000D0A7D0A2D0A1D0A0D092D0A2D09FD09DEF
:10871000D0A5D0974000002020253032643A253083
:1087200032643A253032642020253032642D2530E1
:1087300032642D3230253032642D25730000000064
:10874000A8000020D0A0D0B5D0B6D0B8D0BC20D1E1
:1087500083D0BFD180D0B0D0B2D0BBD0B5D0BDD047
:10876000B8D18F2020D0A0D183D187D0BDD0BED0AA
:10877000B9000000D0A0D0B5D0B6D0B8D0BC20D1C0
:1087800083D0BFD180D0B0D0B2D0BBD0B5D0BDD017
:10879000B8D18F2020D090D0B2D182D0BE000000BE
:1087A000061901089218010861160108D918010874
:1087B0001A15010876140108B718010831160108C6
:1087C00088160108E7190108641901084218010810
:1087D000321501088F1401083419010869180108BD
:1087E0008DB500081912010837120108F932000886
:1087F0004113010817130108B7170108FE170108F4
:10880000AA120108D11201083B1701087C170108C0
:10881000F6130108AF130108921901088D1201081F
:10882000F8120108ED48006800780A2809D8DFE846
:1088300000F0060A0C0E10121416181E2000FFF786
:10884000BFBCFFF7BDBC00F09DBE02F017B800F042
:1088500079BFFFF7AFB8FFF71DBB02F06BBB00F0AD
:1088600011BD054800220023014600F023B8FEF7A1
:10887000A3BDFEF7B9B800BF17120108B0B5054691
:10888000406B0C46884204BF0020B0BD284602F071
:10889000D5FD00B1B0BD687805F13801224601234D
:1088A000FCF73CFE002818BF4FF0FF346C6318BF84
:1088B0000120B0BD2DE9F04F85B0594C0746154653
:1088C0000E46207860B3FDF757FF022803D0FDF76E
:1088D00053FF042811D1ED480068018F823989B215
:1088E0003C290AD8408FAA3880B21E2805D800201B
:1088F00060602070A068FFF70BF86068002800F047
:108900008C80F8F797FF6168884240F286800020EB
:1089100060602070A06805B0BDE8F04FFEF7F8BFBA
:10892000002D049306D04FF47A78F8F783FF05FB07
:10893000080000E0002060604FF4787B0F201421D5
:1089400040F23112D223CDF800B0FAF72EFBDFF857
:10895000D49035A264213B46484602F017FE3348C6
:108960004FF6FF7A19214A46D0E900308DE8010C14
:108970002820FAF74FFF4846C821F7F7C8FC3046D1
:1089800049461922FEF7A0FA294F06464FF0000883
:1089900037241FFA88F5B54215D2D7E9000109EB53
:1089A000050219238DE8030CA1B21E20FAF7E9FF96
:1089B00005EB000848461FFA88F1F7F7A8FC1434C5
:1089C000A0B2C328E5D3174DC8212846F7F79FFC6E
:1089D00042F665148220AA21BE22C8230094FAF729
:1089E000E4FA14A22846642102F0D0FDD7E9003051
:1089F000AF212A46CDE9000A96200294FAF70AFF31
:108A00000748014604988860012008700820FEF796
:108A10007FFF2846C821F7F77AFC05B0BDE8F08F44
:108A2000A80100209C30002025730000B000002029
:108A3000A8000020D09ED0BA0000000070B5144CF1
:108A4000144E0821002204F580652846B0472846C8
:108A500010210022B047284620210022B047284696
:108A600040210022B047012002F056FC20464FF47E
:108A700080510022B04704F500604FF400510122FC
:108A8000B047204610210022B047012070BD00BF32
:108A9000000002402B1800082DE9FC414F4FB2EEB8
:108AA000041A386890ED050A4179B4EEC10AF1EE76
:108AB00010FA18DD002947D0012968D1534C6068AD
:108AC000002800F0898000F033FA6168401A3D28E0
:108AD000C0F082803868C07800287DD1012002F083
:108AE0001BFC002076E079B33D4C3E4D00224FF058
:108AF000000820462946F9F7D4FA3B4E20460022CA
:108B00003146F9F79DFA396828786A78AB78B578F4
:108B10007478F67801F1C80CACE82D0033A0C1E9F7
:108B2000364600F0D3FA394CC4F8048000F000FA5D
:108B30002060386880F80580C17800294CD190F811
:108B4000F400052845D047E0304C216851B100F0D1
:108B5000EFF92168421A38681F2A03D390F8F420ED
:108B6000042A34D14079B8BBB1B300F0E1F92168EF
:108B7000401A1F2830D3386890F8F41004292BD1FC
:108B8000C07848BB0220BDE8FC4102F0C5BB00F044
:108B9000CFF91E494FF4616248600868B0FBF2F2F9
:108BA00001923A68019BD2F8E4703B44C2F8E43089
:108BB000174B019F07FB0300D2F8E8301844C2F8B6
:108BC000E8000020086001205071BDE8FC81C078F9
:108BD00010B9012002F09EF9BDE8FC81D800002008
:108BE000140100206431002010010020D09ED182A9
:108BF000D0BAD0BBD18ED187D0B5D0BDD0B8D0B58A
:108C000020D18DD0BB2DD0B2D0B000007C0100208F
:108C1000F0F1FFFF2DE9F043AFB00DF11C09A021E9
:108C20004846F7F774FBDFF8448011A26421404600
:108C300002F0ACFC1548006800F1D007D0E93231F1
:108C4000E4CFD0E938408DE8E600114ACDE905408F
:108C50004846A02102F09AFC4046494600220723DC
:108C6000FFF728FE2FB0BDE8F08300BF4C2F002097
:108C7000D09ED182D0BAD0BB20D18DD0BB2DD0B266
:108C8000D0B020D0B8D0BDD184D0BE00D800002054
:108C90004C1C010801680C4A1160416851608168F0
:108CA0009160C168D1600169116141695161816957
:108CB0009161C069D0610548006810F0010F00D0D3
:108CC00000BEFBF765FD00BF78310020F0ED00E04D
:108CD000F8B515460E46044602293FD3E069B04276
:108CE0003CD9207803283CD0022859D0012835D11E
:108CF000A08906EB5607A16AB7FBF0F001442046B5
:108D0000FFF7BCFD58BBA08916F00106B7FBF0F1D8
:108D100001FB107107F101072144B7FBF0F001F1ED
:108D200038010FBFEAB20A7802F00F0265F30B12A6
:108D30000A700121E170A16A01442046FFF79EFDFF
:108D400068B9A089002EB7FBF0F101FB1070204438
:108D500000F138003DD0C5F3071140E0022001B01A
:108D6000F0BDA089A16A8008B6FBF0F0014420465E
:108D7000FFF784FD0028F2D1A089B100B1FBF0F12A
:108D80004843C0EB8600204400F138063046FEF729
:108D90008AF80146304665F31B0102F06FF81FE0C8
:108DA000A089A16A4008B6FBF0F001442046FFF715
:108DB00065FD0028D3D1A0897100B1FBF0F14843D3
:108DC000290AC0EB4600204480F8391080F838505A
:108DD00006E0C5F30321027802F0F00211430170AE
:108DE0000120E0700020BAE7BCB50D4604460A2910
:108DF00003D120460D21FFF7F7FF6068002815DB3F
:108E000021183C280D7300F101050BDB214601AB55
:108E10002A4651F80C0BFDF759F80198451B18BF6D
:108E20004FF0FF356560A0680130A060BCBD1CB587
:108E300042680446002A0CDB214601AB51F80C0BBA
:108E4000FDF744F828B960680199884201D1A0680B
:108E500001E04FF0FF3002B010BD00000000000044
:108E60002DE9F84F0D468146914892490122FCF7C1
:108E7000C7FD914C0028207003D0002001B0BDE850
:108E8000F08F8C4804F1080104F10C020095FCF706
:108E9000DDFBD4E90250B0F80A80C069023800FB5B
:108EA00008F0F7F7A3FB9FED200B57EC106B324651
:108EB0003B46F7F729FB824605FB08F08B46F7F7A0
:108EC00095FB32463B46F7F71FFBF7F79CFB064640
:108ED000606050465946F7F796FB002E20611ED081
:108EE000764E494611223046FCF7B4FD0099002821
:108EF0002070C2D1F26804F114033046FCF7DDFEA5
:108F00003046FCF791FB6B4900200022FCF778FD0E
:108F10002070B0FA80F0400901B0BDE8F08F0A205F
:108F200000F046FFA9E700BF000000000000E03F9E
:108F3000F0B58BB06C46142104F11800F7F7E7F98F
:108F40007A4D7B4E002228463146F9F7AAF8794F30
:108F5000284600223946F9F773F8B9784FF0FF3008
:108F6000FA78737808907878B77803913178013877
:108F7000029102F16401CDE900730591049020464D
:108F8000F7F758F90BB0F0BD2DE9FE4F0C4605463A
:108F90004748484992460122FCF732FDDFF818B1F4
:108FA00000288BF8000003D0002003B0BDE8F08F4C
:108FB00040480BF108010BF10C02CDE90154FCF71C
:108FC00045FBDBE90280B0F80A90C069023800FB7B
:108FD00009F0F7F70BFB9FED340B54EC107B3A468E
:108FE0002346F7F791FA054608FB09F00E46F7F716
:108FF000FDFA3A462346F7F787FAF7F704FB0446EB
:10900000CBF8040028463146F7F7FDFA002CCBF8E0
:10901000100034D0BAF1000F35D0284801990B2246
:10902000FCF718FD029D00288BF80000BCD1244CF1
:109030004FF480612046F7F76AF922A220464FF4E8
:1090400080612B4602F0A2FA2046F7F777F91B4D14
:1090500002460BF1180321462846FCF737FF284645
:10906000FCF7E2FA134900200022FCF7C9FC8BF858
:109070000000B0FA80F0400903B0BDE8F08F0A208C
:1090800000F096FE90E70D4E019913223046FCF752
:10909000E1FC029D00288BF8000085D1F168304684
:1090A000FCF775FBBFE700BF000000000000E03FD9
:1090B00050040020161A0108200000208C14002003
:1090C000DC26002025730D0A00000000F0B587B0F3
:1090D000174E164D0446002228463146F8F7E1FFA8
:1090E000144F284600223946F8F7AAFF33787078E3
:1090F000B1787A78BE78FF788DE84300CDE9032710
:1091000005940D4C0DA24FF48061204602F03EFA0A
:1091100015A021460022FFF737FF08B1012003E028
:10912000092000F045FE002007B0F0BD140100202A
:109130006431002010010020DE2A00202820253084
:1091400032643A253032643A2530326420202530AA
:1091500032642D253032642D323025642029202DB3
:109160002025730A0D0000006C6F6746696C652E40
:1091700074787400F8B50E46044602292BD325688E
:10918000E869B04227D932B1114628464FF0FF3284
:10919000FFF79EFD00BB20463146FDF78DFB0746DD
:1091A00001301BD0AFB1012F15D028463146002227
:1091B000FFF78EFD80B9D5E90610821E914205D2D7
:1091C0000131A961297941F00101297187423E46A7
:1091D000E1D3002000E0022001B0F0BD0120FBE758
:1091E00010B586B0B64C206890F84610012926D1FB
:1091F00000201A4901900A6942F480420A610A6912
:1092000002F480420192019A01900A6842F002023F
:109210000A60096801F0020101910199022102919D
:109220004FF4604101910390032001A904900520AF
:1092300005900B48F8F724FAFAF720FC206800F1B3
:109240003D010022002301E0CA540133202BFBD151
:10925000002180F83C1006B010BD00BF303802403D
:1092600000040240964800220023006800F15E01DD
:1092700001E0CA540133202BFBD1002180F85D109E
:10928000704700BF2DE9FE438C4C207801281BD18C
:10929000B748FBF7C9FB02283DD0012840F00C81FC
:1092A0000020207002F0F2F800F010FF0120FBF720
:1092B000B9FDB049B0A000220723FFF7FBFAB04880
:1092C000FFF704FFBDE8FE83FDF756FA022803D03E
:1092D000FDF752FA042866D179480068018F4A1FC9
:1092E00092B21E2A09D8428FC83A92B2192A04D8DB
:1092F0000020BDE8FE43FEF70BBB143989B2B1F57F
:10930000967F50D8408F411F89B216290AD8BDE8F0
:10931000FE43FCF729B9002020700720BDE8FE437A
:10932000FEF7F6BAA0F11B0189B2162903D8BDE8F1
:10933000FE4300F0D5B9A0F1310189B216299EBFD4
:1093400001202070BDE8FE83A0F1470189B21629F3
:1093500003D8BDE8FE43FFF75DBCA0F15D0189B213
:10936000162903D8BDE8FE4301F090BDA0F17301BA
:1093700089B2162904D80920BDE8FE43FEF7C8BA11
:10938000A0F1890189B2162904D80120BDE8FE4365
:10939000FEF7BEBA9F3880B2162804D80A20BDE86E
:1093A000FE43FEF7B5BAF8F745FAA168401AB0F5E2
:1093B0007A7F38BFBDE8FE83F8F73CFAA060414CE5
:1093C000414ADFF8088164212046C047404E42F6FA
:1093D00065174FF6FF75DFF8FC9005212246D6E9A8
:1093E00000308DE8A1001420C8473B4A2046642184
:1093F000C047D6E900301B2122468DE8A100142089
:10940000C847364A20466421C047D6E9003031219A
:1094100022468DE8A1001420C84731A220466421CD
:10942000C047D6E90030472122468DE8A10014202C
:10943000C847354A20466421C047D6E900305D213F
:1094400022468DE8A1001420C84730A2204664219E
:10945000C047D6E90030732122468DE8A1001420D0
:10946000C84736A220466421C047D6E9003089218A
:1094700022468DE8A1001420C84738A22046642166
:10948000C047D6E900309F2122468DE8A100142074
:10949000C847364C0520C8211E2205230095A04749
:1094A0000520D2211E2205230095A0470520DC219E
:1094B0001E2205230095A047BDE8FE8394010020ED
:1094C000D8000020410000209D2001088DB5000833
:1094D000A800002015380008D5200108651E0108E5
:1094E000D09ED182D0BAD0BBD18ED187D0B5D0BDDD
:1094F000D0B8D0B520D18DD0BB2DD0B2D0B020D037
:10950000B8D0BDD184D0BE00E3200108D0A0D18363
:10951000D187D0BDD0BED0B520D0BFD0B5D180D0FE
:10952000B5D0BAD0BBD18ED187D0B5D0BDD0B8D050
:10953000B520D180D0B5D0BBD0B50000D0A1D0B57A
:10954000D180D0B2D0B8D18120D182D0B0D187D152
:1095500081D0BAD180D0B8D0BDD0B000D0A2D0B523
:10956000D18520D0B8D0BDD184D0BE00F93200085A
:10957000521B0108AB1F0108D0A2D09E00000000C2
:10958000CC1F01082DE9FE43DFF830914FF6FF773D
:1095900099F8000030BB42F6651042F66515F9F700
:1095A000F5FE474E474C484A64213068038F408F90
:1095B0000090204601F0EAFF44480A212246D0E903
:1095C0000030CDE900074B200295FAF723F9306807
:1095D0000A224FF6FF73418F008FF9F787FC0120B5
:1095E00089F8000099F8010001280ED139A0FBF795
:1095F0001BFA02285CD001285DD10020A9F80000E8
:109600000720BDE8FE43FEF783B9FDF7B5F8044631
:10961000042801D0022C26D1DFF8A480294D2A4A43
:109620006421D8F80000038F408F0090284601F095
:10963000ADFF42F6651042F66516F9F7A7FE23481E
:109640000A212A46D0E90030CDE900074B200296D6
:10965000FAF7E0F8D8F800000A224FF6FF73418FBE
:10966000008FF9F743FC1A4D0A200A211E22052318
:109670000097A8470A2014211E2205230097A84717
:109680000A201E211E2205230097A847022C12D172
:109690000B480068018F0A3989B21E290BD8408F08
:1096A0000A3880B2192888BFBDE8FE83012000E097
:1096B000002089F80100BDE8FE8300BF840100207E
:1096C000D800002041000020171A0108A80000203F
:1096D000F9320008D092D18BD0B9D182D0B83F00F6
:1096E000F0B587B0124F134A6421384601F04EFF9F
:1096F0001148006800F1BC0526CDD0F89040D0E9B3
:109700002936D0F8AC00CDE9006002A826C00B4D88
:109710000B4A64210594284601F038FF3846294653
:109720000022072307B0BDE8F040FFF7C3B800BF31
:109730004C2F0020D5200108D80000204100002037
:10974000EB1C01082DE9F04F85B0DFF8A095002053
:109750008DF81000039099F8000008B1282408E162
:10976000DFF88C45DFF88C1500222046F8F799FCCD
:10977000DFF88455204600222946F8F761FC287856
:10978000E978B5F8012089F806000138A9F8072022
:1097900089F8091006280AD8DFE800F0040B101534
:1097A0001A1F240000208DF81000CB481EE0CB4883
:1097B0001CE000208DF81000C94817E000208DF84B
:1097C0001000C84812E000208DF81000C6480DE0D7
:1097D00000208DF81000C54808E000208DF810002A
:1097E000C34803E000208DF81000C248039042F601
:1097F000651042F66517F9F7C9FDDFF82055DFF867
:1098000020A50FF2205264212846D047DFF83445C6
:109810004FF6FF76DFF830B505212A46D4E900304F
:109820008DE8C1001420D84799F80830DFF81C25CE
:1098300028466421D047D4E9003028212A468DE803
:10984000C1000520D847DFF80885AC202621CD22AD
:1098500042230096C0474FF48D7026214FF49F722B
:1098600042230096C04799F80730DFF8E8242846DD
:109870006421D047D4E900304B212A468DE8C1004D
:109880000520D847AC204921CD2265230096C0474A
:109890004FF48D7049214FF49F7265230096C047A5
:1098A00099F80930DFF8B02428466421D047D4E97C
:1098B00000306E212A468DE8C1000520D847AC2033
:1098C0006C21CD2288230096C0474FF48D706C2107
:1098D0004FF49F7288230096C047DFF8802403ABC3
:1098E00028466421D047D4E9003091212A468DE8EA
:1098F000C1000520D847AC208F21CD22AB23009694
:10990000C0474FF48D708F214FF49F72AB230096A8
:10991000C0470F272820C821A022EB230097F9F782
:1099200044FBDFF83C2428466421D047DFF8344468
:10993000D2212A46D4E900308DE8C1003220D84730
:10994000C820C8214FF48C72EB230097F9F72DFB48
:10995000DFF8142428466421D047D4E90030D2210E
:109960002A4691248DE8C100D220D847012089F8E9
:10997000000099F8040001281DD1DFF8F803FBF777
:1099800053F8022846D001285FD1D9F80600DFF845
:109990006813002200240860D548F8F7D1FC0FF2C4
:1099A000D830FFF793FB0020FDF7B2FF89F80040A5
:1099B00089F8044049E099F80500012810D1DFF842
:1099C000B003FBF731F8022836D001283DD1002042
:1099D0000024FDF79DFF89F8004089F8054034E038
:1099E000FCF7CAFE022803D0FCF7C6FE04282CD1DF
:1099F000DFF878030068018FA1F1280292B2782A7B
:109A00000CD8408FC83880B223289CBF012089F829
:109A100004001AE0002489F8044010E0A1F1C80213
:109A200092B2502A14D8428FC83A92B2232A0FD841
:109A3000012089F8050008E0002489F8054042F675
:109A40006510F9F7A3FC89F8004005B0BDE8F08F78
:109A5000A1F1AC0292B2212A4ED8408FA61E8642B6
:109A600004DC04F11A07874280F08D8004F121059F
:109A7000854206DC04F1230707F11A06864280F0CE
:109A80008A8044F04605AE1E864204D805F11A07C6
:109A9000874280F0888004F167058542D5DC04F1B7
:109AA000690707F11A068642CFD399F806004FF0EE
:109AB000FF31013810F0FF0F08BF072089F80600BA
:109AC00051FA80F0062800F2C580DFE800F057C5A3
:109AD000CACFD4D9DE0000BFD09FD09DD0A5D097EB
:109AE000D092D0A2D0A1D0A0D0A7D0A2D09FD0A2F7
:109AF000D0A1D091D092D0A1A1F58D7189B22429A5
:109B0000A3D8408FA61E864203DC04F11A078742C1
:109B100051D204F12105854205DC04F1230707F148
:109B20001A06864265D244F04605AE1E864203D828
:109B300005F11A07874269D204F1670585423FF7AC
:109B400084AF04F1690707F11A068642FFF47DAF7E
:109B500099F806000130C1B207294FF0FF3188BFE4
:109B6000012089F8060051FA80F0062800F2728080
:109B7000DFE800F00472777C81868B0000208DF88E
:109B80001000644885E099F80800013810F0FF0FD4
:109B900008BF1F2016E099F80700013810F0FF0FEA
:109BA00008BF0C202CE099F809000138C1B219292E
:109BB00008BF632031E099F808000130C1B21F29C5
:109BC00088BF0120554D614A89F80800C3B264215D
:109BD000284601F0DBFC5B4842F665114FF6FF7842
:109BE0002A46D0E90030CDE900080291052021463F
:109BF00029E099F807000130C1B20C2988BF012083
:109C0000464C544A89F80700C3B246E099F8090067
:109C10000130C1B2632988BF1A20404C4E4A89F8EE
:109C20000900C3B26421204601F0B0FC454842F669
:109C300065114FF6FF782246D0E90030CDE90008E3
:109C4000029105202946F9F7E5FDCDF80080B4B270
:109C5000BDB239E030481CE000208DF810002C48DF
:109C600017E000208DF81000284812E000208DF841
:109C7000100025480DE000208DF81000214808E074
:109C800000208DF810001E4803E000208DF8100021
:109C90001A48224C314A03AB03902046642101F05C
:109CA00075FC284842F665114FF6FF782246D0E948
:109CB0000030CDE900080291B9B20520F9F7AAFDFC
:109CC000ACB2B5B2CDF80080AC202146CD222B46F7
:109CD000F9F70AFA4FF48D7021464FF49F722B4624
:109CE000CDF80080F9F700FAAFE600BF8801002048
:109CF000140100206431002010010020D092D0A176
:109D0000D0A1D091D09FD0A2D0A7D0A2D0A1D0A0D6
:109D1000D092D0A2D09FD09DD0A5D0974100002056
:109D20008DB500082020D09DD0B0D181D182D180C6
:109D3000D0BED0B9D0BAD0B020D0B4D0B0D182D1BA
:109D40008B000000B000002015380008741A0108CC
:109D5000E9300008591A0108261A0108C81A010832
:109D6000001B0108A8000020131B0108D8000020D8
:109D7000F41A0108E01A0108D09FD0BED0BBD18CE4
:109D8000D0B7D0BED0B2D0B0D182D0B5D0BBD18CFC
:109D9000202D20D0B4D0B0D182D0B020D0B8D0B750
:109DA000D0BCD0B5D0BDD0B5D0BDD0B00000000083
:109DB00010B50A2823D8DFE810F00B002C00430070
:109DC0005A00710088009E00B400CA00DF00030141
:109DD0008648006890F83D10002940F0F680012187
:109DE0001E2280F83D1090F83C100378013180F875
:109DF0003C108D48B049FEF75DFDB048F3E07B486C
:109E0000B0491E2200680378AD48FEF753FDAE4806
:109E1000E9E07648006890F83E10002940F0D580CF
:109E200001211E2280F83E1090F83C100378013189
:109E300080F83C107C489E49FEF73CFD9D48D2E0EE
:109E40006A48006890F83F10002940F0BE80012168
:109E50001E2280F83F1090F83C100378013180F802
:109E60003C1071489049FEF725FD9048BBE05F48E3
:109E7000006890F84010002940F0A78001211E22C0
:109E800080F8401090F83C100378013180F83C10C5
:109E900065488349FEF70EFD8248A4E053480068F8
:109EA00090F84110002940F0908001211E2280F896
:109EB000411090F83C100378013180F83C105A486A
:109EC0007549FEF7F7FC75488DE04848006890F842
:109ED0004210002979D101211E2280F8421090F809
:109EE0003C100378013180F83C104F486849FEF778
:109EF000E1FC684877E03D48006890F8431000298D
:109F000063D101211E2280F8431090F83C100378A1
:109F1000013180F83C10444855A1FEF7CBFC5B486A
:109F200061E03248006890F8441000294DD10121C9
:109F30001E2280F8441090F83C100378013180F81C
:109F40003C1039483B49FEF7B5FC3BA04BE02748A5
:109F5000006890F84510C1BB01211E2280F8451011
:109F600090F83C100378013180F83C102E482F49BE
:109F7000FEF7A0FC2E4836E01C48006890F846101A
:109F800019BB0121274C012280F8461090F83C10A3
:109F9000013180F83C1020464FF48071F7F745FC02
:109FA0004FF46150215821F48041215004F5806024
:109FB0004FF46041F7F7CEFABDE81040F9F75ABD0B
:109FC0000A48006890F8471021B10078BDE81040B9
:109FD000FDF79EBC012180F8471090F83C1001313C
:109FE00080F83C1002A0FFF771F810BDD8000020E7
:109FF000D09ED188D0B8D0B1D0BAD0B02121212004
:10A00000736420D0BAD0B0D180D182D0B020D0B784
:10A01000D0B0D0BFD0BED0BBD0BDD0B5D0BDD0BDEC
:10A02000D0B0000000000240E60B0108140C01084B
:10A03000040C0108DC0C0108D09ED188D0B8D0B146
:10A04000D0BAD0B021212120D091D18BD0BB20D14A
:10A0500081D0B1D180D0BED18120D0BFD0BE20D0A0
:10A06000B2D0B0D187D0B4D0BED0B3D1830000007D
:10A07000D091D18BD0BB20D185D0B0D180D0B420AD
:10A08000D180D0B5D181D0B5D1820000B10C01080A
:10A090006D1001085D100108DE0F0108CE0F0108E8
:10A0A000A50F0108950F0108C60E0108B60E01089C
:10A0B000870E0108770E0108030F0108F30E01084F
:10A0C000F60B010836100108261001082DE9FF41A2
:10A0D000DFF88C760020002102E047F821000131F2
:10A0E0001A29FAD1DFF87C86D8F8000000F1800642
:10A0F0004ECED0E92454D0E926CE87E84E00C7E9F9
:10A100000454C7E906CE00F1A0064ECED0E92C5487
:10A11000D0E92ECE39627A62BB62FE62C7E90C5486
:10A12000C7E90ECE00F1C0064ECED0E93454D0E9D6
:10A1300036CE39647A64BB64FE64C7E91454C7E957
:10A1400016CE00F1E006DFF8204607F1600C4ECE97
:10A15000D0F8F000ACE84E00386720468221F6F7D0
:10A16000D6F800260FF2046509E02046F6F7E6F877
:10A1700057F826202044294601F020FA01361A2EED
:10A18000F3D1DFF8E445DFF8E80501222146FEF7C8
:10A19000FBFE002800F0DC8220468221F6F7B7F8AB
:10A1A0002046F6F7CBF8DFF8CC15DFF8CC75204465
:10A1B0000A784B7889787E78BD78FF788DE8E20060
:10A1C0000FF2B85101F0FAF9DFF8D4052146012267
:10A1D000FEF7DAFE002800F0BB8220468221F6F767
:10A1E00096F82046F6F7AAF820440FF2B851192243
:10A1F000F6F774F8DFF8A80521460022FEF7C4FE42
:10A20000002800F0A58220468221F6F780F820463B
:10A21000F6F794F8D8F800102044D1F884200FF213
:10A22000A05101F0CBF9DFF8780521460022FEF7B6
:10A23000ABFE002800F08C8220468221F6F767F8FA
:10A240002046F6F77BF8D8F800102044D1F8882093
:10A250000FF2905101F0B2F9DFF8440521460022D7
:10A26000FEF792FE002800F0738220468221F6F766
:10A270004EF82046F6F762F8D8F800102044D1F8DE
:10A280009020DFF8881501F099F9DFF814052146D0
:10A290000022FEF779FE002800F05A822046822133
:10A2A000F6F735F82046F6F749F8DFF8641520444C
:10A2B0000D22F6F713F8DFF8E80421460022FEF736
:10A2C00063FE002800F0448220468221F6F71FF842
:10A2D0002046F6F733F8D8F800102044D1F898203B
:10A2E000DFF8301501F06AF9DFF8B40421460022E6
:10A2F000FEF74AFE002800F02B8220468221F6F766
:10A3000006F82046F6F71AF8D8F800102044D1F8DD
:10A310009C20DFF8041501F051F9DFF88404214690
:10A320000022FEF731FE002800F012822046822132
:10A33000F5F7EDFF2046F6F701F8D8F800102044B5
:10A34000D1F8A020DFF8D41401F038F9DFF8500478
:10A3500021460022FEF718FE002800F0F981204671
:10A360008221F5F7D4FF2046F5F7E8FFD8F8001072
:10A370002044D1F8A420DFF8A81401F01FF9DFF879
:10A38000200421460022FEF7FFFD002800F0E081B6
:10A3900020468221F5F7BBFF2046F5F7CFFFD8F81E
:10A3A00000102044D1F8A820DFF8781401F006F955
:10A3B000DFF8EC0321460022FEF7E6FD002800F05E
:10A3C000C78120468221F5F7A2FF2046F5F7B6FFA8
:10A3D000D8F800102044D1F8AC20DFF84C1401F07C
:10A3E000EDF8DFF8BC0321460022FEF7CDFD002882
:10A3F00000F0AE8120468221F5F789FF2046F5F76F
:10A400009DFFD8F800102044D1F8B020DFF81C14CC
:10A4100001F0D4F8E24821460022FEF7B5FD0028FD
:10A4200000F0968120468221F5F771FF2046F5F76E
:10A4300085FFD8F800102044D1F8B420DFF8F013DD
:10A4400001F0BCF8D64821460022FEF79DFD002809
:10A4500000F07E8120468221F5F759FF2046F5F76E
:10A460006DFFD8F800102044D1F8B820DFF8C413ED
:10A4700001F0A4F8CA4821460022FEF785FD002815
:10A4800000F0668120468221F5F741FF2046F5F76E
:10A4900055FFD8F800102044D1F8BC20E64901F05F
:10A4A0008DF8BF4821460022FEF76EFD002800F01F
:10A4B0004F8120468221F5F72AFF2046F5F73EFF1F
:10A4C000D8F800102044D1F8C020DC4901F076F81B
:10A4D000B34821460022FEF757FD002800F03881DE
:10A4E00020468221F5F713FF2046F5F727FFD8F81D
:10A4F00000102044D1F8C420D14901F05FF8A848E9
:10A5000021460022FEF740FD002800F02181204670
:10A510008221F5F7FCFE2046F5F710FFC9492044DB
:10A520002722F5F7DBFE9E4821460022FEF72CFD90
:10A53000002800F00D8120468221F5F7E8FE204634
:10A54000F5F7FCFED8F800102044D1F8C820BE4929
:10A5500001F034F8924821460022FEF715FD00284C
:10A5600000F0F68020468221F5F7D1FE2046F5F76F
:10A57000E5FED8F800102044D1F8CC20B34901F012
:10A580001DF8874821460022FEF7FEFC002800F057
:10A59000DF8020468221F5F7BAFE2046F5F7CEFE91
:10A5A000D8F800102044D1F8D020A94901F006F8CD
:10A5B0007B4821460022FEF7E7FC002800F0C88017
:10A5C00020468221F5F7A3FE2046F5F7B7FED8F81E
:10A5D00000102044D1F8D4209E4900F0EFFF7048CD
:10A5E00021460022FEF7D0FC002800F0B180204672
:10A5F0008221F5F78CFE2046F5F7A0FED8F8001072
:10A600002044D1F8D820944900F0D8FF644821466E
:10A610000022FEF7B9FC002800F09A802046822133
:10A62000F5F775FE2046F5F789FED8F800102044AE
:10A63000D1F8DC20894900F0C1FF594821460022A9
:10A64000FEF7A2FC002800F0838020468221F5F767
:10A650005EFE2046F5F772FED8F800102044D1F8CF
:10A66000E0207F4900F0AAFF4D4821460022FEF776
:10A670008BFC00286CD020468221F5F748FE20464E
:10A68000F5F75CFED8F800102044D1F8E4207549B5
:10A6900000F094FF424821460022FEF775FC002896
:10A6A00056D020468221F5F732FE2046F5F746FEC9
:10A6B000D8F800102044D1F8E8206B4900F07EFF64
:10A6C000374821460022FEF75FFC002840D0204694
:10A6D0008221F5F71CFE2046F5F730FE6349204441
:10A6E0002522F5F7FBFD2E4821460022FEF74CFC03
:10A6F00070B320468221F5F70AFE2046F5F71EFECC
:10A70000D8F800102044D1F8EC20594900F056FF49
:10A71000234821460022FEF737FCC8B1204682219B
:10A72000F5F7F5FD2046F5F709FED8F800102044AE
:10A73000D1F8F0204F4900F041FF1948214600228E
:10A74000FEF722FC20B14C48FEF7C0FC012003E0DC
:10A750000920FFF72DFB002004B0BDE8F08100BF09
:10A7600034300020D8000020B02F002025642C00B9
:10A77000730B0108643100201001002028202530CF
:10A7800032643A253032643A253032642020253054
:10A7900032642D253032642D3230256420290A00A0
:10A7A0008A0B01080A2D2D2DD09CD0BED182D0BE9F
:10A7B000D187D0B0D181D18B2D2D2D0A0000000082
:10A7C0002564202D20D0BCD0BED182D0BED187D070
:10A7D000B0D181D18B20D0B2D181D0B5D0B3D0BE91
:10A7E0000A0000002564202D20D0BCD0BED182D02C
:10A7F000BED187D0B0D181D18B20D0BFD0BED18186
:10A80000D0BBD0B520D0A2D09E0A00003B0A0108E0
:10A81000B82301088B090108E1090108660701084E
:10A82000100A0108B409010898070108B2080108D4
:10A83000080901083407010837090108DB08010885
:10A8400062090108C8230108C20701083808010885
:10A85000B806010877080108FB070108FA06010895
:10A86000300B0108950A01085C0A0108F023010871
:10A87000FE0A0108CE0A01089E0B01082DE9FE4FD1
:10A88000DFF8009499F8000010B14FF03708B9E0F4
:10A89000DFF8F443DFF8F453002220462946F7F7A7
:10A8A00000FCDFF8EC1320460022F7F7C9FB2878FC
:10A8B00042F6651889F80100B5F80100A9F8020010
:10A8C00042F66510F8F762FDDFF8C853DFF8C8A359
:10A8D0000FF2C83264212846D047DFF8E4434FF630
:10A8E000FF76DFF8E0B305212A46D4E900308DE891
:10A8F00041011420D84799F80130DFF8CC232846CD
:10A900006421D047D4E9003037212A468DE841013F
:10A910000520D847DFF8B473AC203521CD22512370
:10A920000096B8474FF48D7035214FF49F72512334
:10A930000096B84799F80230E54A28466421D04786
:10A94000D4E900305A212A468DE841010520D84734
:10A95000AC205821CD2274230096B8474FF48D7057
:10A9600058214FF49F7274230096B84799F803302A
:10A97000D84A28466421D047D4E900307D212A46B0
:10A980008DE841010520D847AC207B21CD229723BB
:10A990000096B8474FF48D707B214FF49F72972338
:10A9A0000096B8470F242820C821A022EB234FF09F
:10A9B000A0080094F8F7F9FAC74A28466421D0475E
:10A9C000C64FD2212A46D7E90030CDE90006322011
:10A9D0000294D847C820C8214FF48C72EB2300940E
:10A9E000F8F7E3FABE4A28466421D047D7E9003099
:10A9F000D2212A46CDE90006D2200294D847012070
:10AA000089F8000099F8040001281FD1B748FAF727
:10AA10000BF802284CD0012840F0AE80B9F80100B4
:10AA20009A4900220024088099F80300887096480B
:10AA3000F7F7E0FCAEA0FEF749FB0020FCF768FF4B
:10AA400089F8004089F80440BDE8FE8F99F80500B8
:10AA5000012811D1A448F9F7E7FF02283BD00128CB
:10AA600040F08A8000200024FCF752FF89F8004063
:10AA700089F80540BDE8FE8FFBF77EFE022803D073
:10AA8000FBF77AFE042877D196480068018FA1F180
:10AA9000280292B2782A0FD8408FC83880B2232873
:10AAA0009EBF012089F80400BDE8FE8FBDE8FE8F3F
:10AAB000002489F8044011E0A1F1C80292B2502AA2
:10AAC00014D8428FC83A92B2232A0FD8012089F8AD
:10AAD0000500BDE8FE8F002489F8054042F66510A8
:10AAE000F8F754FC89F80040BDE8FE8FA1F1AC02F4
:10AAF00092B2212A24D8408FA8F10204844203D8BC
:10AB000008F11A06864239D208F12105854205D896
:10AB100008F1230707F11A06864237D208F14405E7
:10AB2000854229D808F1460707F11A06864223D341
:10AB300099F803000138C1B23B2928BF3B203CE013
:10AB4000A1F58D7189B2242916D8408FA8F102048D
:10AB5000844203D808F11A06864234D208F121054E
:10AB6000854205D808F1230707F11A06864254D218
:10AB700008F14405854211D9BDE8FE8F99F801001E
:10AB80000138C1B2172928BF172023E099F8020025
:10AB90000138C1B23B2928BF3B2045E008F14607F8
:10ABA00007F11A06864238BFBDE8FE8F99F8030008
:10ABB0000130C1B23B2988BF0020364C454A89F894
:10ABC0000300C3B235E099F801000130C1B2172982
:10ABD00088BF00202F4D3C4A89F80100C3B2642190
:10ABE000284600F0D3FC364842F665114FF6FF7751
:10ABF0002A46D0E90030CDE9000702910520414600
:10AC0000F8F708FEA4B2B5B2AC20CD2200972146D9
:10AC10002B46F8F769FA00972AE099F8020001300C
:10AC2000C1B23B2988BF00201A4C294AC3B289F817
:10AC300002002046642100F0A9FC214842F665117B
:10AC40004FF6FF782246D0E90030CDE900080291A6
:10AC5000B9B20520F8F7DEFDACB2B5B2AC20CD221A
:10AC6000CDF8008021462B46F8F73EFACDF800805B
:10AC70004FF48D7021464FF49F722B46F8F734FA4B
:10AC8000BDE8FE8F880100201401002064310020FF
:10AC900010010020410000208DB50008D09DD0B0EB
:10ACA000D181D182D180D0BED0B9D0BAD0B020D09D
:10ACB000B2D180D0B5D0BCD0B5D0BDD0B8000000E6
:10ACC000B0000020153800083F1A0108E9300008DC
:10ACD0008F1A0108AB1A0108001B0108A800002008
:10ACE000131B0108D8000020F41A0108E01A01081B
:10ACF000D09FD0BED0BBD18CD0B7D0BED0B2D0B058
:10AD0000D182D0B5D0BBD18C202D20D0B2D180D073
:10AD1000B5D0BCD18F20D0B8D0B7D0BCD0B5D0BDC5
:10AD2000D0B5D0BDD0BE000080B5022818D0012813
:10AD30002BD0A0BB2848006890F85E1051BB0121C1
:10AD40000A2280F85E10C17090F85D10037801311E
:10AD500080F85D1021483F49FDF7ACFD3E4837E0E3
:10AD60001D48006890F86010A1B901210A2280F8FE
:10AD7000601090F85D100378013180F85D1017487D
:10AD800017A1FDF797FD224822E01348006890F8CC
:10AD90005F1071B10078BDE88040FCF7B9BD0E4886
:10ADA0002E490A22006803780C48FDF783FD2C48E1
:10ADB0000EE001210A2280F85F1090F85D10037800
:10ADC000013180F85D10054812A1FDF773FD2048A0
:10ADD000FEF77CF980BD00BFD800002009100108F3
:10ADE000D09DD0B5D0BED0B1D185D0BED0B4D0B872
:10ADF000D0BCD0BE20D0B7D0B0D180D18FD0B4D00D
:10AE0000B8D182D18C20D0B0D0BAD0B1000000002F
:10AE10004A0F0108D09DD0B5D0BED0B1D185D0BEEB
:10AE2000D0B4D0B8D0BCD0BE20D0BFD180D0BED09E
:10AE3000B2D0B5D181D182D0B820D182D0B5D18560
:10AE40002E20D0BED181D0BCD0BED182D180000016
:10AE5000580C0108540D0108020D0108FB0D0108F2
:10AE6000DD0D0108130A8A76CB760078032818BF17
:10AE70007047100E4875100C087570470A0A01706B
:10AE800042700A0C090E8270C1707047BCB50D4C3F
:10AE90000D4A6421204600F079FB0C480C4D0DA2B0
:10AEA00064210068D0E93B300090284600F06EFB3A
:10AEB000204629460022072302B0BDE8B040FDF736
:10AEC000F9BC00BF4C2F0020E3200108D80000206F
:10AED00041000020D09AD0BE2DD0B2D0BE20D0B735
:10AEE000D0B0D0BFD183D181D0BAD0BED0B22020D3
:10AEF00025640AD09FD0BED0BFD18BD182D0BAD02A
:10AF0000B820D0B7D0B0D0BFD183D181D0BAD0B023
:10AF1000202564000120704700210022D2B210F8E1
:10AF200001C0013153080B2943EAC2126244F5D132
:10AF3000D0B270472DE9FE4FC74E707908B1412756
:10AF40009BE00120C64D4B21232255234FF47877F7
:10AF50007071C2482C46006840780328B07138BF31
:10AF600010FB02130F20142140F23112009704F855
:10AF7000013BD223F8F719F8DFF8E892BAA220468D
:10AF80006421C847BE484FF6FF78DFF8F8A21921C0
:10AF90002246D0E90030CDE9000841200297D04791
:10AFA000B9A220466421C847BD4E41212246D6E9B8
:10AFB0000030CDE900083C200297D047DFF8E4B22A
:10AFC00028204B2109224FF6FF73D84728204B2118
:10AFD0000A224FF6FF73D847B3A220466421C84720
:10AFE000D6E9003064212246CDE900083C200297D2
:10AFF000D04728206E2109224FF6FF73D84728201A
:10B000006E210A224FF6FF73D847B1A22046642171
:10B01000C847D6E9003087212246CDE900083C2008
:10B020000297D0472820912109224FF6FF73D84775
:10B03000282091210A224FF6FF73D847297828202B
:10B0400005224FF6FF73F7F751FF42F66515822090
:10B05000AA21BE22C823AA270095F7F7A6FFA5A21A
:10B0600020466421C847D6E900307B4EAF212246F6
:10B07000CDE9000896200295D047F079012819D132
:10B0800096F9060002289ABF9D4951F820009B4876
:10B09000F9F7CAFC02284BD001280BD1B07902285D
:10B0A00000F09F80012800F09A80002814BF984883
:10B0B000964897E0FBF760FB022804D0FBF75CFBA7
:10B0C000042840F0AF8065480068018FA1F10F02AD
:10B0D00092B2B2F5917F00F2A580428F07F10A0586
:10B0E00095422CD807F11C03934228D30024DFF8A3
:10B0F0002482282006224FF47873B471AEB2314610
:10B10000C04707F12D01282006224FF47873C0476D
:10B1100007F15001282006224FF47873C0475048A9
:10B12000314605224FF6FF7305702820C0477AE0AC
:10B1300000207071F0710020FCF7EAFB5DE007F180
:10B140002D04944222D807F13F0393421ED30120DD
:10B15000294606224FF47873B0716E4E2820B0470E
:10B16000A1B2282006224FF47873B04707F15001AE
:10B17000282006224FF47873B0473948E1B20522FF
:10B180004FF6FF7304702820B0474BE007F15008DA
:10B19000904534D807F16203934230D302205D4FCB
:10B1A000294606224FF47873B0712820B84728202A
:10B1B000214606224FF47873B8471FFA88F12820F9
:10B1C00006224FF47873B84725485FFA88F10522C4
:10B1D0004FF6FF7380F800802820B84722E04A48E5
:10B1E00000E04848FDF772FFB07900F095F80020C4
:10B1F0000024FFF799FD7471F471012413E0823982
:10B2000089B23C290ED8418FAA3989B21E2909D8A2
:10B21000427896F90600C1B2914208D10020F0713F
:10B22000707188E70024204603B0BDE8F08F01224A
:10B230000229F2719ABF324951F820002F48F9F7DC
:10B24000F3FB0024022803D001283FF427AFEAE7EC
:10B250007471F4716FE700BF28030020D80000204C
:10B26000400000208DB50008D0A1D0B8D0BBD0BE22
:10B27000D0B2D0BED0B520D180D0B5D0BBD0B50033
:10B28000B000002015380008D0BFD0BED0BBD0BE63
:10B29000D0B6D0B5D0BDD0B8D0B5203000000000B9
:10B2A000A8000020F12F0008D0BFD0B8D1822E20F6
:10B2B000D0BED18220D0B2D0BDD0B5D188D0BDD043
:10B2C000B5D0B920D181D0B5D182D0B8000000006E
:10B2D000D0BFD0B8D1822E20D0BED18220D0B3D062
:10B2E000B5D0BDD0B5D180D0B0D182D0BED180D0C4
:10B2F000B0000000D09ED0BA000000001517010871
:10B300007CBF0008BE15010851150108AF140108E3
:10B31000B7160108ED2E000870B502281CD00128D0
:10B320002FD0002843D1224C224D4FF480710022AF
:10B3300000262046A84720464FF400710022A84767
:10B340000120F6F7F7F8204680210122A84783481C
:10B35000006846701A4828E0154C164D80210022DE
:10B360002046A84720464FF480710022A8470120BC
:10B37000F6F7E0F820464FF400710122A8470E4886
:10B3800013E00B4C0B4D802100222046A84720469D
:10B390004FF400710022A8470120F6F7CBF82046B1
:10B3A0004FF480710122A8470448FDF78FFE70BD5D
:10B3B000000402402B180008BF1101086D1101089C
:10B3C0001D110108B0B5044600F038F800B1B0BD59
:10B3D0002078032825D12079012822D104F13805CD
:10B3E000A1892846F4F793FF4AF65520A4F83602BF
:10B3F0001048A0631048C4F81C0204F50870A16945
:10B40000FFF73CFD616904F50970FFF737FD606ADD
:10B4100029460123421C62636078FAF795F8002000
:10B420002071607800210022FAF76EF8002818BF1A
:10B430000120B0BD5252614172724161F8B50446BB
:10B44000C078F0B1656B04F13806607801230127FC
:10B4500031462A46FAF778F8A0B90027E770A16AC2
:10B46000206A691A81420DD2A77808E0206A314625
:10B470000123054460782A46FAF766F8013F022F57
:10B48000F4D20027384601B0F0BD0000E0B5FDF76A
:10B490004FFD13490844019001A8F5F747F9E8B1B9
:10B4A0002E4A816832231268C2F8B0104168C2F88F
:10B4B000B4100168C2F8B810C168C2F8BC100169C4
:10B4C0000131C2F8C01000214069C2E92211C2E96D
:10B4D00024316438C2F8C400FEF7F8FD8CBD00BF0B
:10B4E0004D617800B0B50C46054678B1286868B162
:10B4F000017859B1C188AA888A4207D14078FAF701
:10B500001BF8C00702D12868002101E000200921B2
:10B510002060C8B2B0BD000010B5F9F78DFBF9F797
:10B52000A9F9F9F755F9FDF77DF9FAF743F8FDF7B1
:10B53000B3FA0A4C20688079012818BF10BDF9F7CA
:10B5400049F9206808A10522037805A0FDF7B2F9A2
:10B55000FEF7BCFD20680021817110BDD8000020DD
:10B560005341564520534400D0A1D0BED185D1804F
:10B57000D0B0D0BDD0B5D0BDD0B8D0B520D0B4D02B
:10B58000B0D0BDD0BDD18BD1850000000FB41CB5AB
:10B590000246002007AC00290BD0491ECDE900214E
:10B5A000054B6A462146069800F0F2F8009A002101
:10B5B00011701CBC5DF814FBBFBE00080FB4084B33
:10B5C00010B504A902AA039800F0E2F8044602A903
:10B5D000002000F07FFC204610BC5DF814FB00004A
:10B5E000D5BE0008004870470000002002E008C8EF
:10B5F000121F08C1002AFAD170477047002001E0ED
:10B6000001C1121F002AFBD1704700002DE9FF5F26
:10B6100082B00021DDE90430020DDDF840B00343C3
:10B6200018D044F61050A2F2FF324243151411987C
:10B6300001281FD0A5EB0B00401C5FEA000A4FF069
:10B6400000064E4FDFF83891B046504615D5CAF186
:10B65000000413E0119801244AA3012801D16FEAE4
:10B660000B010298119AC0E90031C0E9024206B00C
:10B67000BDE8F09FCBF10000DFE704460021404A1F
:10B68000491842EB0450CDE9001012E0E00707D062
:10B6900032463B4640464946F4F736FF80468946E7
:10B6A00032463B4610461946F4F72EFF06460F4633
:10B6B0006410002CEAD1DDE90401DDE90023BAF1D0
:10B6C000000F06DAF4F720FF42464B46F4F71CFF62
:10B6D00005E0F5F75AF942464B46F5F756F90446A8
:10B6E0000E460022284BF5F7D7F903D84FF0FF306C
:10B6F000014607E00022254B20463146F4F75DFE67
:10B70000F5F7B2F9102409E0002C0ADB0A22002325
:10B71000F4F75EFD039B30321A55641E50EA0102B5
:10B72000F2D1641C039AC4F111031444119A012A42
:10B7300003D0012208430DD10AE0084304D00020C1
:10B740004FF0110B119072E7A3EB0B056D1E0DE08E
:10B750005B4504DD4FF0000205F1010504E003DA6A
:10B760004FF00002A5F10105002AECD002981199D2
:10B77000C0E90231C0E9004579E70000000014404B
:10B780000000F03F300000000000F0430000E03F08
:10B790002DE9FF4F95B09B468946064600250FE2EE
:10B7A000252877D100242746F84A0121059400E096
:10B7B000044316F8013F203B01FA03F01042F7D191
:10B7C00030782A2811D06FF02F033078A0F13002A2
:10B7D000092A16D8059A44F0020402EB820203EB10
:10B7E00042021044761C0590EFE759F8042B0592AD
:10B7F000002A03DA504244F40054059044F0020455
:10B80000761C30782E2816D116F8010F44F0040467
:10B810002A280DD06FF02F023078A0F13003092BC9
:10B8200009D807EB870302EB4303C718761CF3E73D
:10B8300059F8047B761C30786C280FD006DC4C2835
:10B8400017D068280DD06A2814D104E0742810D0CD
:10B850007A280FD10DE044F400140AE044F4801477
:10B8600001E044F440147278824202D104F580145D
:10B87000761C761C307866280BD013DC582877D0DD
:10B8800009DC002875D04528F6D04628F4D0472892
:10B890001AD19DE118E0632835D0642879D0652855
:10B8A00012D195E1702873D008DC6728F1D069289F
:10B8B0006FD06E280DD06F2806D1B5E073282CD03C
:10B8C000752875D0782874D05A46179990476D1C02
:10B8D00075E1C4F30250022809D003280DD0D9F82D
:10B8E000001004280DD00D6009F1040967E1D9F8B2
:10B8F0000010EA17C1E90052F6E7D9F800100D80F0
:10B90000F2E70D70F0E719F8041B8DF80010002025
:10B910008DF80100EA46012003E059F804AB4FF02E
:10B92000FF3061074FF0000102D40DE008F1010182
:10B930008846B9420FDA8045F8DB1AF8081000296A
:10B94000F4D108E008F1010188468142FADB1AF8D7
:10B9500008100029F6D105985B46A0EB08072146A0
:10B960003846179A00F094FA284400EB080507E0DF
:10B970004DE029E10DE01AF8010B5A46179990475E
:10B98000B8F10108F7D25B4621463846179A13E111
:10B9900042E00A220092C4F302524FF0000A022A47
:10B9A00008D059F804CB032A4FEAEC710AD00DE015
:10B9B00029E02AE009F1070121F00702F2E802C1BB
:10B9C000914609E00FFA8CFC4FEAEC71042A03D18E
:10B9D0004FFA8CFC4FEAEC71002907DA0A46002185
:10B9E000DCF1000C61EB02012D2202E0220504D5FE
:10B9F0002B228DF80420012203E0E20701D020224F
:10BA0000F7E7904659E00A2102E010220DE01021EC
:10BA10004FF0000A00910BE010224FF0000A44F0B2
:10BA200004040827009203E008224FF0000A009265
:10BA3000C4F30252022A05D059F804CB0021032A8C
:10BA400008D009E009F1070121F00702F2E802C17C
:10BA5000914605E01FFA8CFC042A01D10CF0FF0C82
:10BA60004FF00008220728D5702806D0009B83F0ED
:10BA7000100353EA0A0305D00EE040228DF804209B
:10BA8000012208E05CEA010206D030228DF8042091
:10BA90008DF8050002229046009B83F0080353EACC
:10BAA0000A030AD15CEA010201D1620705D53022FE
:10BAB0008DF804204FF001087F1E582804D034A0D0
:10BAC00003900EA802900DE036A0F9E753466046B9
:10BAD000009AF4F77DFB84460398825C0298401E2E
:10BAE000029002705CEA0100F0D1029806A9081ADF
:10BAF00000F1200A600702D524F4803400E0012719
:10BB0000574502DDA7EB0A0000E0002000EB0A0128
:10BB1000009005984144401A0590E00306D45B4626
:10BB20002146179A059800F0B3F90544002706E06E
:10BB300001A85A46C05D179990476D1C7F1C474568
:10BB4000F6DBE0030CD55B462146179A059800F01A
:10BB50009FF9054404E030205A46179990476D1C20
:10BB60000099481E00900029F5DC08E0029802992F
:10BB70005A460078491C0291179990476D1CBAF1FA
:10BB80000001AAF1010AF1DC65E1000009280100C9
:10BB90003031323334353637383961626364656643
:10BBA0000000000030313233343536373839414205
:10BBB000434445460000000000F058F90544761C57
:10BBC000307800287FF4ECAD19B02846BDE8F08F3E
:10BBD000620700D4062709F1070222F0070CFCE8EF
:10BBE0000223E14603F000485FEA080C02D00FF29E
:10BBF000702C0DE05FEA045C02D50FF2682C07E0C0
:10BC00005FEAC47C02D00FF2602C01E0AFF2700C4E
:10BC10004FF0FF3823F00043CDF850C065280CD01A
:10BC200006DC452809D046281DD047283DD13DE0F7
:10BC3000662818D067287ED138E00021112F01DB5B
:10BC4000112000E0781CCDE9000106A90EA8FFF73D
:10BC5000DDFCDDE90F010E9A03910021009207F14E
:10BC6000010A04914DE04FF000400097CDE901102A
:10BC700006A90EA8FFF7CAFCDDE90F0203920E9B8E
:10BC800011990022DDF80CA00093049211B9791CDF
:10BC900000EB010AB7EB0A0004D4C0F1FF3007F152
:10BCA000010A0490AAEB0700019044E0012F00DA9A
:10BCB00001270021112F01DD112000E03846CDE9D8
:10BCC000000106A90EA8FFF7A1FCDDE90F010E9AFD
:10BCD0000391002104910092BA4621070CD40399E4
:10BCE000514500DA8A46BAF1010F05DD009AAAF142
:10BCF0000101515C302908D0B84202DA10F1040F7A
:10BD000006DA0121CDE9011015E0AAF10101E9E708
:10BD1000002805DC049901440491AAEB000102E02B
:10BD2000411C514500DD8A460499401A401C01908F
:10BD30004FF000400290200704D40198504501DBE9
:10BD4000CDF8048000208DF84F0002980DF14F07C8
:10BD5000B0F1004F25D02B200E9002984FF0020832
:10BD600000280CDA404202902D200E9007E00A21B4
:10BD70000298F4F790FC3031029007F8011DB8F1F9
:10BD80000001A8F10108F2DC02980028EFD1791E29
:10BD90000E980870307800F0200040F0450007F859
:10BDA000020D12A8C01B00F107081498007800B11A
:10BDB000012000EB0A01019801EBE0710598414474
:10BDC000401A401E0590E00306D45B462146179AB0
:10BDD000059800F05DF805441498007818B15A46AB
:10BDE000179990476D1CE00324D55B462146179AAE
:10BDF000059800F04DF805441CE00498002807DB86
:10BE0000DDE90301884203DD0098405C179901E0F9
:10BE1000179930205A469047049805F10105401CB7
:10BE200004900198401E019004D12E205A46179983
:10BE300090476D1CBAF10001AAF1010ADDDC05E0B2
:10BE400017F8010B5A46179990476D1CB8F100017D
:10BE5000A8F10108F4DC5B462146179A0598ABE689
:10BE60002D0000002B000000200000002DE9F04113
:10BE7000044600251E461746880404D405E03946CA
:10BE80002020B0476D1C641EF9D52846BDE8F0811E
:10BE90002DE9F041044600251E469046C80301D511
:10BEA000302700E02027880404D505E041463846C5
:10BEB000B0476D1C641EF9D52846BDE8F0814A687C
:10BEC000002A06D00A68531C0B6010704868401E98
:10BED000486070470A68531C0B60107070471F1C45
:10BEE0001F1E1F1E1F1F1E1F1E1F004040404040E0
:10BEF000404040404141414141404040404040403D
:10BF00004040404040404040404040050202020264
:10BF1000020202020202020202020220202020206B
:10BF20002020202020020202020202029090909023
:10BF30009090101010101010101010101010101001
:10BF40001010101010100202020202028888888865
:10BF50008888080808080808080808080808080861
:10BF6000080808080808020202024000EBBE0008A8
:10BF70001F1D1F1E1F1E1F1F1E1F1E1F5D120108DB
:10BF80002D140108691301080000000000000000E2
:10BF90000102030406070809435545414141414355
:10BFA00045454549494941414592924F4F4F555565
:10BFB000594F554F9C4F9E9F41494F55A5A5A6A748
:10BFC000A8A9AAABACADAEAFB0B1B2B3B4414141D8
:10BFD000B8B9BABBBCBDBEBFC0C1C2C3C4C5414174
:10BFE000C8C9CACBCCCDCECFD1D1454545494949A9
:10BFF00049D9DADBDCDD49DF4FE14F4F4F4FE6E84F
:10C00000E85555555959EEEFF0F1F2F3F4F5F6F71E
:10C01000F8F9FAFBFCFDFEFF000000000000000044
:10C020000000000000000000000000000000000010
:10C030000000000000000000000000000000000CF4
:10C04000000C000C000C000C000C000C000C000C90
:10C05000000C000C0000000C000C000000000000B0
:10C060000000001B001B001B001B001B0000000049
:10C0700000000000000000000000000000000000C0
:10C080000000000000008019801980198019C07F0D
:10C09000C07F80190033C07FC07F0033003300337E
:10C0A00000330000000000000000001E003F80750B
:10C0B00080650074003C001E000780058065806577
:10C0C0008075003F001E00040004000000000070A6
:10C0D00000D840D8C0D880D900730006000C801B5F
:10C0E000C036C066C046C0068003000000000000E5
:10C0F0000000001E003F003300330033001E000C20
:10C10000C03CC066806380618063C03E801C0000CC
:10C11000000000000000000C000C000C000C000CE3
:10C12000000000000000000000000000000000000F
:10C130000000000000000000800000010003000675
:10C1400000060004000C000C000C000C000C000C9D
:10C15000000400060006000300018000002000101B
:10C160000018000C000C0004000600060006000683
:10C17000000600060004000C000C0018001000204F
:10C180000000000C002D003F001E003300000000E6
:10C19000000000000000000000000000000000009F
:10C1A00000000000000000000000000C000C000C6B
:10C1B000000CC0FFC0FF000C000C000C000C0000C5
:10C1C000000000000000000000000000000000006F
:10C1D000000000000000000000000000000000005F
:10C1E0000000000C000C0004000400080000000027
:10C1F0000000000000000000000000000000001E21
:10C20000001E000000000000000000000000000010
:10C21000000000000000000000000000000000001E
:10C2200000000000000000000000000C000C0000F6
:10C2300000000000000000030003000300060006E9
:10C2400000060006000C000C000C000C0018001882
:10C2500000180000000000000000001E003F003336
:10C26000806180618061806D806D806180618061AE
:10C270000033003F001E0000000000000000000628
:10C28000000E001E0036002600060006000600060E
:10C290000006000600060006000600000000000080
:10C2A0000000001E003F80738061806180010003F8
:10C2B0000006000C001800300060807F807F0000C6
:10C2C000000000000000001C003E0063006300034B
:10C2D000000E000E00038001800180618073003F2A
:10C2E000001E00000000000000000006000E000E0E
:10C2F000001E001E0016003600360066807F807F1C
:10C300000006000600060000000000000000007F9C
:10C31000007F006000600060006E007F806380012D
:10C32000800180618073003F001E0000000000005B
:10C330000000001E003F803380610060006E007FBF
:10C3400080738061806180618033003F001E000047
:10C35000000000000000807F807F80010003000358
:10C3600000060006000C000C000C00080018001865
:10C3700000180000000000000000001E003F806365
:10C38000806180610021001E003F806180618061CA
:10C390008061003F001E0000000000000000001E41
:10C3A000003F00738061806180618073803F801DE9
:10C3B000800180610073003F001E0000000000004B
:10C3C00000000000000000000000000C000C000055
:10C3D00000000000000000000000000C000C000045
:10C3E000000000000000000000000000000000004D
:10C3F000000C000C00000000000000000000000C19
:10C40000000C000400040008000000000000000010
:10C4100080008003000E003800600038000E8003AA
:10C42000800000000000000000000000000000008C
:10C43000000000000000807F807F00000000807FFF
:10C44000807F0000000000000000000000000000ED
:10C45000000000000000000000400070001C000709
:10C4600080010007001C0070004000000000000078
:10C47000000000000000001F803FC071C060C000CD
:10C48000C00180030007000E000C000C0000000C2F
:10C49000000C0000000000000000001E003F803182
:10C4A00080718063806F806D806D806F80670060B9
:10C4B0000032003E001C0000000000000000000EE2
:10C4C000000E001B001B001B001B80318031803FD1
:10C4D000803F8031C060C060C0600000000000008C
:10C4E0000000007C007E0063006300630063007E48
:10C4F000007E0063806180618063007F007E0000B9
:10C50000000000000000001E003F803180610060DC
:10C510000060006000600060006080618031003F6A
:10C52000001E0000000000000000007C007F00638F
:10C53000806380618061806180618061806100636F
:10C540000063007E007C0000000000000000807F8F
:10C55000807F0060006000600060007F007F0060FE
:10C56000006000600060807F807F000000000000AD
:10C570000000807F807F0060006000600060007FBE
:10C58000007F0060006000600060006000600000EC
:10C59000000000000000001E003F8031806100604C
:10C5A0000060006080638063806180618031803FD3
:10C5B000001E0000000000000000806180618061BA
:10C5C000806180618061807F807F80618061806127
:10C5D0008061806180610000000000000000003F79
:10C5E000003F000C000C000C000C000C000C000CB8
:10C5F000000C000C000C003F003F00000000000099
:10C6000000008001800180018001800180018001A3
:10C6100080018001806180618073003F001E000006
:10C62000000000000000C0608061006300660066DA
:10C63000006C0078007C00660066006380618061A9
:10C64000C0600000000000000000006000600060AA
:10C6500000600060006000600060006000600060DA
:10C660000060807F807F0000000000000000C0713B
:10C67000C071C07BC07AC06AC06AC06EC064C0604E
:10C68000C060C060C060C060C0600000000000000A
:10C69000000080718071807980798079806D806DF3
:10C6A000806D80658067806780678063806300003D
:10C6B000000000000000001E003F00338061806128
:10C6C0008061806180618061806180610033003FB2
:10C6D000001E0000000000000000007E007F80635C
:10C6E0008061806180618063007F007E0060006007
:10C6F0000060006000600000000000000000001EFC
:10C70000003F003380618061806180618061806171
:10C71000806580670033803F401E000000000000FD
:10C720000000007E007F8063806180618063007F05
:10C73000007E00660063006380618061C06000006D
:10C74000000000000000000E001F8031803100302A
:10C750000038001E00078003806180618031003F47
:10C76000001E0000000000000000C0FFC0FF000C21
:10C77000000C000C000C000C000C000C000C000C59
:10C78000000C000C000C00000000000000008061A4
:10C790008061806180618061806180618061806191
:10C7A000806180618073003F001E00000000000077
:10C7B0000000C060C060C060803180318031001BEB
:10C7C000001B001B001B000E000E000E00040000EA
:10C7D000000000000000C0C0C0C0C0C0C0C0C0C0D9
:10C7E000C0CC804C804C805E8052805280738061CF
:10C7F00080610000000000000000C0C08060806117
:10C800000033003B001E000C000C001E001F003B0C
:10C8100080718061C0C00000000000000000C0C046
:10C820008061806100330033001E001E000C000C8C
:10C83000000C000C000C000C000C000000000000BC
:10C840000000803F803F8001000300030006000CD1
:10C85000000C0018001800300060807F807F00000E
:10C8600000000000000F000F000C000C000C000C7A
:10C87000000C000C000C000C000C000C000C000C58
:10C88000000C000C000F000F00000018001800182A
:10C89000000C000C000C000C000600060006000650
:10C8A000000300030003000000000000001E001E43
:10C8B0000006000600060006000600060006000648
:10C8C000000600060006000600060006001E001E08
:10C8D0000000000C000C001E0012003300338061C9
:10C8E0008061000000000000000000000000000067
:10C8F0000000000000000000000000000000000038
:10C900000000000000000000000000000000000027
:10C9100000000000E0FF0000000000380018000CDC
:10C920000000000000000000000000000000000007
:10C9300000000000000000000000000000000000F7
:10C94000000000000000001F803F80618001801F08
:10C95000803F80618063807FC0380000000000005D
:10C9600000000060006000600060006E007F807367
:10C9700080618061806180618073007F006E000053
:10C980000000000000000000000000000000001E89
:10C99000003F807380610060006080618073003FB1
:10C9A000001E0000000000000000800180018001E6
:10C9B0008001801D803F8073806180618061806123
:10C9C0008073803F801D0000000000000000000018
:10C9D000000000000000001E003F00738061807FA7
:10C9E000807F00608071003F001E0000000000009A
:10C9F0000000C007C00F000C000C807F807F000C7F
:10CA0000000C000C000C000C000C000C000C0000D2
:10CA1000000000000000000000000000801D803FBA
:10CA2000807380618061806180618073803F801D40
:10CA300080018063007F003E0000006000600060B5
:10CA40000060006F807F80718061806180618061A3
:10CA5000806180618061000000000000000000062D
:10CA6000000600000000003E003E00060006000632
:10CA70000006000600060006000600000000000098
:10CA80000006000600000000003E003E0006000612
:10CA90000006000600060006000600060006004626
:10CAA000007E003C0000006000600060006080616B
:10CAB00000630066006C007C0076006300638061A8
:10CAC000C0600000000000000000003E003E0006C4
:10CAD0000006000600060006000600060006000626
:10CAE0000006000600060000000000000000000034
:10CAF00000000000000080DDC0FFC0CEC0CCC0CC74
:10CB0000C0CCC0CCC0CCC0CCC0CC00000000000069
:10CB100000000000000000000000006F807F8071B6
:10CB200080618061806180618061806180610000DE
:10CB30000000000000000000000000000000001ED7
:10CB4000003F807380618061806180618073003FFD
:10CB5000001E0000000000000000000000000000B7
:10CB6000006E007F8073806180618061806180736E
:10CB7000007F006E00600060006000600000000048
:10CB800000000000801D803F8073806180618061B3
:10CB900080618073803F801D800180018001800161
:10CBA000000000000000000000000067803F003926
:10CBB0000030003000300030003000300030000025
:10CBC0000000000000000000000000000000001E47
:10CBD000803F80610060007F803F80018061007F36
:10CBE000001E000000000000000000000008001807
:10CBF0000018007F007F00180018001800180018A7
:10CC00000018801F800F00000000000000000000DE
:10CC100000000000000080618061806180618061AF
:10CC2000806180618063807F803D000000000000A3
:10CC300000000000000000000000C0608031803172
:10CC40008031001B001B001B000E000E00060000C0
:10CC5000000000000000000000000000000080DD77
:10CC600080DD80DD005500550055007700770022FB
:10CC70000022000000000000000000000000000092
:10CC80000000806100330033001E000C000C001E09
:10CC9000003300338061000000000000000000004D
:10CCA0000000000080618061803100330033001B90
:10CCB000001B001B000E000E000E001C007C00700C
:10CCC00000000000000000000000C07FC07F800165
:10CCD00000030006000C00180030C07FC07F000079
:10CCE0000000000080038007000600060006000622
:10CCF0000006000E001C001C000E000600060006C8
:10CD000000060006800780030006000600060006F5
:10CD100000060006000600060006000600060006E3
:10CD20000006000600060006000600060038003C6B
:10CD3000000C000C000C000C000C000E000700079B
:10CD4000000E000C000C000C000C000C003C003825
:10CD5000000000000000000000000000000080381B
:10CD6000807F00470000000000000000000000007D
:10CD700000000000000000000000000000000000B3
:10CD800000000000000000000000000000000000A3
:10CD9000000000000000000000000008001C001C53
:10CDA00000360036003600630063007F80FF80C1DC
:10CDB00080C180C180C1000000000000000000FFB1
:10CDC00000FF00C000C000C000FE00FF80C380C1A3
:10CDD00080C180C180C300FF00FE00000000000091
:10CDE000000000FE00FF00C300C300C300FE00FF00
:10CDF00080C180C180C180C180C180FF00FF000070
:10CE000000000000000080FF80FF00C000C000C0E4
:10CE100000C000C000C000C000C000C000C000C012
:10CE200000C00000000000000000000F001F001BF9
:10CE3000001B001B003B0033003300330063006322
:10CE400080FF80FF80C1000000000000000080FF24
:10CE500080FF00C000C000C000FF00FF00C000C095
:10CE600000C000C000C080FF80FF00000000000084
:10CE70000000408CC0CCC0CC804C806D807F003FD7
:10CE8000000C001E003F806D806DC0CC408C000007
:10CE9000000000000000007E00FF80C38081800150
:10CEA0008003000F000F80038001808180C300FF9A
:10CEB000007E000000000000000080C180C180C32F
:10CEC00080C780C780CD80CD80D980D980F180E1B6
:10CED00080E180C180C1000000000000001C80C112
:10CEE00080C180C380C780C780CD80CD80D980D9E4
:10CEF00080F180E180E180C180C10000000000007D
:10CF0000000080C180C300C700CE00DC00F800F044
:10CF100000F000F800DC00CE00C780C380C1000034
:10CF2000000000000000801F803F807180618061F0
:10CF3000806180618061806180618061806180E169
:10CF400080C1000000000000000080C180C180E3BB
:10CF500080E380F780F780DD80DD80C980C980C1F3
:10CF600080C180C180C1000000000000000080C1BD
:10CF700080C180C180C180C180FF80FF80C180C12D
:10CF800080C180C180C180C180C10000000000005C
:10CF90000000003E007F80E380C180C180C180C16D
:10CFA00080C180C180C180C180E3007F003E00005D
:10CFB00000000000000080FF80FF80C180C180C1B0
:10CFC00080C180C180C180C180C180C180C180C159
:10CFD00080C1000000000000000000FE00FF80C3D0
:10CFE00080C180C180C300FF00FE00C000C000C03F
:10CFF00000C000C000C00000000000000000003EB3
:10D00000007F80E380C100C000C000C000C000C03D
:10D0100000C080C180E3007F003E000000000000EF
:10D02000000000FF00FF001800180018001800188A
:10D030000018001800180018001800180018000048
:10D0400000000000000080C180C180C180E38063D7
:10D0500000730037003E001E000C000C001C00781E
:10D0600000700000000000000000000C000C003FF9
:10D07000807F806DC0CCC0CCC0CCC0CC806D807FA8
:10D08000003F000C000C000000000000000080C108
:10D0900080C10063006300360036001C001C0036AF
:10D0A00000360063006380C180C100000000000002
:10D0B000000080C180C180C180C180C180C180C1A9
:10D0C00080C180C180C180C180C1C0FFC07FC0005D
:10D0D00000000000000080C180C180C180C180C10B
:10D0E00080C180C180E1807F803F8001800180011C
:10D0F00080010000000000000000C0C0C0CCC0CC17
:10D10000C0CCC0CCC0CCC0CCC0CCC0CCC0CCC0CCBF
:10D11000C0CCC0FFC0FF0000000000000000C0C085
:10D12000C0CCC0CCC0CCC0CCC0CCC0CCC0CCC0CC9F
:10D13000C0CCC0CCC0CCC0FFC0FFC000000000000D
:10D14000000000F000F0003000300030003E003FF2
:10D1500080338031803180318033003F003E0000D9
:10D16000000000000000C0C0C0C0C0C0C0C0C0C03F
:10D17000C0F8C0FCC0CEC0C6C0C6C0C6C0CEC0FCD1
:10D18000C0F8000000000000000000C000C000C0A7
:10D1900000C000C000FC00FE00C700C300C300C305
:10D1A00000C700FE00FC0000000000000000003E80
:10D1B000007F80E380C18001801F801F800180018B
:10D1C00080C180C180E3007F003E000000000000BD
:10D1D000000000C780CFC0DDC0D8C0D8C0F8C0F8FC
:10D1E000C0D8C0D8C0D8C0D8C0DD80CF00C700002C
:10D1F000000000000000803F807F80E180C180C18E
:10D2000080E1807F803F8071806180E180C180C14A
:10D2100080C10000000000000000000000000000CD
:10D220000000003E00FF00C30003003F00FB00C3FE
:10D2300000C780FF8079000000000000000080002F
:10D24000801F003E0060005C00BF00E380C180C121
:10D2500080C180C10063007F001C0000000000004E
:10D260000000000000000000000000FF80FF80C1FF
:10D2700000FF00FE00C380C180C180FF00FF0000EE
:10D28000000000000000000000000000000000FF9F
:10D2900000FF00C000C000C000C000C000C000C04F
:10D2A00000C00000000000000000000000000000BE
:10D2B0000000003F003F0033003300330063006391
:10D2C000004380FF80FF80C10000000000000000DC
:10D2D000000000000000003E007F80E380C180FF6E
:10D2E00080FF00C080E1007F003E000000000000E1
:10D2F00000000000000000000000408CC0CC806DE9
:10D30000002D001E003F002D806DC0CC408C000021
:10D310000000000000000000000000000000007F8E
:10D3200080FF80C1009F001F8001808180C300FFBB
:10D33000007E00000000000000000000000000006F
:10D34000000080C180C380C380C780CD80D980F1B8
:10D3500080E180E180C100000000000000000000CA
:10D360000022001C000080C180C380C380C780CD24
:10D3700080D980F180E180E180C1000000000000E0
:10D380000000000000000000000000C300C600CC48
:10D3900000D800F000F800CC00C400C600C30000B4
:10D3A0000000000000000000000000000000801FDE
:10D3B000803F80718061806180618061806180E1F7
:10D3C00080C100000000000000000000000000001C
:10D3D000000080C180C180E380F780FF80DD80C9CC
:10D3E00080C180C180C1000000000000000000007A
:10D3F00000000000000080C180C180C180FF80FF6C
:10D4000080C180C180C180C180C1000000000000D7
:10D4100000000000000000000000003E007F80E3EC
:10D4200080C180C180C180C180E3007F003E0000D8
:10D43000000000000000000000000000000000FFED
:10D4400080FF80C180C180C180C180C180C180C196
:10D4500080C100000000000000000000000000008B
:10D46000000000DE00FF80E380C180C180E300FF98
:10D4700000DE00C000C0000000000000000000004E
:10D48000000000000000003E007F80E380C100C07B
:10D4900000C080C180E3007F003E0000000000006B
:10D4A0000000000000000000000000FF00FF001866
:10D4B00000180018001800180018001800180000C4
:10D4C000000000000000000000000000000080C11B
:10D4D00080C1006300330036001C001C003800309F
:10D4E000007000600000000000000000000000006C
:10D4F0000000000C000C807FC0FFC0CCC0CCC0FF7F
:10D50000807F000C000C0000000000000000000004
:10D51000000000000000808080C100630036001C15
:10D52000001C0036006380C1808000000000000005
:10D530000000000000000000000000C300C300C3A2
:10D5400000C300C300C300C300C300FF807F80018D
:10D55000000000000000000000000000000080C18A
:10D5600080C180C180C180E1807F803F80018001D7
:10D57000800100000000000000000000000000002A
:10D580000000C0CCC0CCC0CCC0CCC0CCC0CCC0CCC7
:10D59000C0CCC0FFC0FF0000000000000000000081
:10D5A000000000000000C0CCC0CCC0CCC0CCC0CCBF
:10D5B000C0CCC0CCC0CCC0FFC0FFC0000000000089
:10D5C0000000000000000000000000F000F000304B
:10D5D000003E003F803380318033003F003E00003A
:10D5E0000000000000000000000000000000C0C0BB
:10D5F000C0C0C0C0C0F8C0FCC0CEC0C6C0CEC0FC59
:10D60000C0F8000000000000000000000000000062
:10D61000000000C000C000C000FE00FF80C380C149
:10D6200080C300FF00FE00000000000000000000BA
:10D63000000000000000003E007F80E180CF800FEE
:10D64000800180C180E3007F003E000000000000F8
:10D650000000000000000000000000C780CFC0DD17
:10D66000C0D8C0F8C0F8C0D8C0DD80CF00C7000067
:10D670000000000000000000000000000000807FAB
:10D6800080FF80C180C1807F803F8061806180C1D8
:10D6900080C1000000000000002280FF80FF00C069
:10D6A00000C000C000FF00FF00C000C000C000C0FC
:10D6B00000C080FF80FF00000000000000000000AC
:10D6C000000000140000003E007F80E380C180FF66
:10D6D00080FF00C080E1007F003E000000000000ED
:10D6E0000000003E007F80E380C100C000FC00FC21
:10D6F00000C000C080C180C180E3007F003E000008
:10D70000000000000066007E007E0018001800186F
:10D710000018001800180018001800180018007EE3
:10D72000007E0000000000000000007E007E001867
:10D730000018001800180018001800180018001829
:10D740000018007E007E00000000000000000018AD
:10D75000001800000000007C007C00180018001871
:10D76000001800180018007C007C00000000000079
:10D7700000000000000000000000003E007F80C3A9
:10D7800080F900F800C080C180E3007F003E000007
:10D79000000000000000006C006C00000000007C35
:10D7A000007C001800180018001800180018007CF1
:10D7B000007C0000000000000000000000000000ED
:10D7C0000000000000000000000000000000000059
:10D7D0000000000000000000000000000000000049
:10D7E000000000000000000000000000E003E00373
:10D7F000E003E003E003E003E003E003C003C00351
:10D80000C001C001C001C001C00100000000000053
:10D81000E003E003E003000000000000000000005F
:10D820003C1E3C1E3C1E3C1E3C1E3C1E3C1E000082
:10D8300000000000000000000000000000000000E8
:10D8400000000000000000000000000000000000D8
:10D8500000000000CE01CE03DE039E039C039C0764
:10D86000FF3FFF7F3807380F780F780F780EFFFFE4
:10D87000FFFFF01EF01CE01CE03CE03DE039000042
:10D880000000000000000000FC03FE0FEE1FE01E81
:10D89000E01EE01EE01EE01FE00FE007F003FC01C9
:10D8A000FE01FE01FE01FE01FE01FE01FE3DFC3F08
:10D8B000F00FE001E001000000000000033E07F768
:10D8C0008FE78EE79EE3BCE3B8E7F8E7F0F7E03FC9
:10D8D000C001FF03FF07F307F30FF31EF33CF33818
:10D8E000F3787FF03FE0000000000000000000003F
:10D8F000E007F80F780F781F781F781F780FF00F68
:10D90000E00F801FC37FC3FBE7F3F7F1F7F0FFF0F1
:10D910007FF03EF87F7CFF3FEF1F0000000000001B
:10D9200000000000E003E003E003E003E003C003C5
:10D93000C001000000000000000000000000000026
:10D9400000000000000000000000000000000000D7
:10D9500000000000000000003F007C00F001E0013A
:10D96000C003C00780078007800F000F000F000F63
:10D97000000F000F000F800F80078007C007C00353
:10D98000E001F0017C003F000F000000007E001F5E
:10D99000C007C003E001F001F000F000F8007800DB
:10D9A00078007800780078007800F800F000F00047
:10D9B000F001E001C003C007001F007E00780000F6
:10D9C000E003C003C001CE39FF3F7F3F2003700357
:10D9D000F807780F3C1F3806000000000000000028
:10D9E0000000000000000000000000000000000037
:10D9F0000000000000000000000000000000000027
:10DA0000C001C001C001C001C001C001C001FFFFD1
:10DA1000FFFFC001C001C001C001C001C001000082
:10DA200000000000000000000000000000000000F6
:10DA300000000000000000000000000000000000E6
:10DA400000000000000000000000E003E003E0032D
:10DA5000E003E001E001E001C001800300000000FC
:10DA600000000000000000000000000000000000B6
:10DA70000000FE3FFE3F000000000000000000002C
:10DA80000000000000000000000000000000000096
:10DA90000000000000000000000000000000000086
:10DAA0000000000000000000000000000000000076
:10DAB0000000E003E003E003E003000000000000DA
:10DAC000000000000F000F001E001E003C003C0084
:10DAD00078007800F000F000E001E001C003C0032E
:10DAE00080078007000F000F001E001E003C003C56
:10DAF0000078007800F00000F007F80F7C1F3E3E31
:10DB00001E3C1F7C1F7C0F780F780F780F780F78E2
:10DB10000F780F781F7C1F7C1E3C3E3E7C1FF80F49
:10DB2000F00700000000000000000000F000F00717
:10DB3000F03FF03FF001F001F001F001F001F001E1
:10DB4000F001F001F001F001F001F001F001F0014D
:10DB5000F001FF3FFF3F0000000000000000000058
:10DB6000E00FF83F7C3C3C003E003E003E003C00A5
:10DB70003C007C00F800F001E003C0078007000FC4
:10DB8000001E003E003CFE3FFE3F00000000000083
:10DB900000000000F00FF81F7C1C3E003E003E001D
:10DBA0003C003C00F800F00FF80F7C003E001E0027
:10DBB0001E001E001E003E007C1CF81FE01F00001F
:10DBC00000000000000000007800F800F800F801F4
:10DBD000F803F807F807780F781E781E783C7878F5
:10DBE0007878FFFFFFFF78007800780078007800F1
:10DBF000780000000000000000000000FC1FFC1F77
:10DC0000FC1F001E001E001E001E001EE01FF81F4D
:10DC1000FC007C003E003E001E003E003E003C003A
:10DC20007C1CF81FE01F0000000000000000000046
:10DC3000FC01FE078E0F001F001E003E003C003C52
:10DC4000F83DFC3F3E7F1F7E0F3C0F3C0F3C0F3CDE
:10DC50000F3E1F1E3E1FFC0FF003000000000000DF
:10DC600000000000FF3FFF3FFF3F0F001E001E00AF
:10DC70003C0038007800F000F000E001E001C00353
:10DC8000C0038007800F800F000F001F001F0000DF
:10DC90000000000000000000F807FC0F3E1F1E1EE1
:10DCA0001E3E1E3E1E1E3C1FF80FF007F80FFC1E06
:10DCB0003E3E1F3C1F7C0F7C0F7C1F3C3E3FFC1FE9
:10DCC000F00700000000000000000000F007F80F5F
:10DCD0007C1E3E3C1E3C1F7C1F7C1F7C1F7C1F3C0F
:10DCE0003F3EFF1FEF071F001E001E003E003C00CE
:10DCF000F838F03FE01F00000000000000000000C6
:10DD0000000000000000000000000000E003E0034D
:10DD1000E003E0030000000000000000000000003D
:10DD20000000E003E003E003E00300000000000067
:10DD300000000000000000000000000000000000E3
:10DD4000E003E003E003E003000000000000000047
:10DD5000000000000000E003E003E003E003E00156
:10DD6000E001E001C00380030000000000000000AB
:10DD70000000000003000F003F00FC00F003C00F94
:10DD8000003F00FE003FC00FF003FC003F000F000B
:10DD90000300000000000000000000000000000080
:10DDA0000000000000000000000000000000000073
:10DDB000FFFFFFFF000000000000FFFFFFFF00006B
:10DDC0000000000000000000000000000000000053
:10DDD00000000000000000000000000000E000F86B
:10DDE000007E801FE007F8017E001F007E00F80122
:10DDF000E007801F007E00F800E000000000000047
:10DE000000000000F01FFC3F3E381F381F381E0086
:10DE10001E003C007800F000E001C003C003C00712
:10DE2000C007000000000000C007C007C0070000D6
:10DE30000000000000000000F803FE0F1E1F0F3E50
:10DE40007F3CFF78EF79C773C7F38FF38FF38FF3BE
:10DE50009FF39FF3FF73FF7BF779003C1C1FFC0FC0
:10DE6000F8030000000000000000000000000000B7
:10DE70000000E003E003F007F007F007780F780FE9
:10DE80007C0E3C1E3C1E3E3CFE3FFF3F1F780F7841
:10DE90000FF007F007F00000000000000000000095
:10DEA000000000000000F83FFC3F3E3C1E3C1E3CD2
:10DEB0001E3C3E3C7C3CF03FF83F7E3C1F3C1F3C00
:10DEC0000F3C0F3C1F3CFE3FF83F000000000000ED
:10DED00000000000000000000000FF01FF07871F96
:10DEE000003E003C007C00780078007800780078E4
:10DEF000007C007C003E003F831FFF07FF01000005
:10DF00000000000000000000000000000000F07FA2
:10DF1000FC7F7E781F781F780F780F780F780F7846
:10DF20000F780F780F780F781F781E787E78F87F3B
:10DF3000E07F000000000000000000000000000082
:10DF40000000FF3FFF3F003E003E003E003E003E1F
:10DF5000003EFE3FFE3F003E003E003E003E003ED3
:10DF6000003EFF3FFF3F00000000000000000000F7
:10DF7000000000000000FF1FFF1F001E001E001E0B
:10DF8000001E001E001EFF1FFF1F001E001E001EA1
:10DF9000001E001E001E001E001E000000000000EB
:10DFA00000000000000000000000FE03FF0F871FBC
:10DFB000003E007C007C007800F800F87FF87FF8D5
:10DFC0000F780F7C0F7C0F3E8F1FFF0FFE030000AA
:10DFD00000000000000000000000000000001F7CA6
:10DFE0001F7C1F7C1F7C1F7C1F7C1F7C1F7CFF7F76
:10DFF000FF7F1F7C1F7C1F7C1F7C1F7C1F7C1F7C66
:10E000001F7C000000000000000000000000000075
:10E010000000FF3FFF3FE003E003E003E003E00315
:10E02000E003E003E003E003E003E003E003E003D8
:10E03000E003FF3FFF3F0000000000000000000081
:10E04000000000000000FC1FFC1F7C007C007C0026
:10E050007C007C007C007C007C007C007C007C00E0
:10E0600078007800F838F03FC03F00000000000062
:10E07000000000000000000000001F3C1E3C3C3C73
:10E08000783CF03CE03DE03FC03F803FC03FE03F98
:10E09000F03DF03C783C7C3C3E3C1F3C0F3C00009B
:10E0A0000000000000000000000000000000003E32
:10E0B000003E003E003E003E003E003E003E003E70
:10E0C000003E003E003E003E003E003E003EFF3F60
:10E0D000FF3F000000000000000000000000000002
:10E0E00000001FF81FFC1FFC3FFE3FFE3FFE7FFFAE
:10E0F00077FF77FFF7F7E7F7E7F3E7F3C7F307F003
:10E1000007F007F007F0000000000000000000002A
:10E110000000000000000F7C0F7C0F7E0F7F0F7F40
:10E120008F7F8F7FCF7FEF7BEF79FF79FF78FF784D
:10E130007F783F783F781F781F780000000000004C
:10E1400000000000000000000000F007FC1F3E3E41
:10E150001F7C0F780F780FF80FF80FF80FF80FF8F3
:10E160000FF80F780F781F7C3E3EFC1FF007000071
:10E170000000000000000000000000000000FC3F64
:10E18000FF3F1F3E0F3E0F3E0F3E0F3E1F3E3F3EE6
:10E19000FC3FF03F003E003E003E003E003E003EA1
:10E1A000003E000000000000000000000000000031
:10E1B0000000F007FC1F3E3E1F7C0F780F780FF821
:10E1C0000FF80FF80FF80FF80FF80F780F781F7C83
:10E1D0003E3EFC1FF8077C003F000F0003000000DC
:10E1E000000000000000F03FFC3F7E3C3E3C1E3C37
:10E1F0001E3C3E3C3C3CFC3CF03FE03FF03DF83CEC
:10E200007C3C3E3C1E3C1F3C0F3C000000000000DC
:10E2100000000000000000000000FC07FE1F0E3E92
:10E22000003C003C003C003EC01FF80FFE037F0096
:10E230001F000F000F001F203E3CFC3FF01F00009E
:10E240000000000000000000000000000000FFFFD0
:10E25000FFFFE003E003E003E003E003E003E0038B
:10E26000E003E003E003E003E003E003E003E00396
:10E27000E0030000000000000000000000000000BB
:10E2800000000F7C0F7C0F7C0F7C0F7C0F7C0F7CC1
:10E290000F7C0F7C0F7C0F7C0F7C0F7C1E3C1E3C88
:10E2A0003E3EFC1FF00700000000000000000000E0
:10E2B00000000000000007F007F007F80F780F7C5F
:10E2C0001E3C1E3C1E3E3C1E3C1F781F780FF80F64
:10E2D000F007F007F007E003E00300000000000093
:10E2E0000000000000000000000003E003F003F065
:10E2F00007F0E7F3E7F3E7F3E773F77BF77FFF7FD9
:10E300007F7F7F7F7E7F7E3F3E3E3E3E3E3E0000E3
:10E31000000000000000000000000000000007F8FE
:10E320000F7C1E3E3E3E3C1FF80FF007E007E00367
:10E33000E003F007F80F7C0F7C1E3E3C1F780F783F
:10E340000FF00000000000000000000000000000CE
:10E35000000007F807780F7C1E3C1E3E3C1F780F1C
:10E36000F80FF007E003E003E003E003E003E0035D
:10E37000E003E003E00300000000000000000000F4
:10E38000000000000000FF7FFF7F0F001F003E0025
:10E390007C00F800F000E001E003C007800F000FF0
:10E3A000001E003E007CFF7FFF7F00000000000099
:10E3B00000000000FF0780078007800780078007B4
:10E3C0008007800780078007800780078007800715
:10E3D0008007800780078007800780078007800705
:10E3E0008007FF07FF07000000780078003C003C32
:10E3F000001E001E000F000F80078007C003C0032F
:10E40000E001E001F000F000780078003C003C0002
:10E410001E001E000F000F0007000000F07FF0003C
:10E42000F000F000F000F000F000F000F000F0006C
:10E43000F000F000F000F000F000F000F000F0005C
:10E44000F000F000F000F000F000F07FF07F00003E
:10E45000C000C001C001E003E003F007F007780747
:10E46000780F380F3C1E3C1E1E3C1E3C0F380F78A8
:10E47000077800000000000000000000000000001D
:10E48000000000000000000000000000000000008C
:10E49000000000000000000000000000000000007C
:10E4A0000000000000000000000000000000FFFF6E
:10E4B000FFFF000000000000F0000000000000006E
:10E4C000000000000000000000000000000000004C
:10E4D000000000000000000000000000000000003C
:10E4E000000000000000000000000000000000002C
:10E4F0000000000000000000F80FFC3F7C3C3E00E4
:10E500003E003E00FE07FE1F3E3E3E7C3E783E7CC7
:10E510007E7CFF3FCF1F00000000000000000000D5
:10E52000003C003C003C003C003C003CF83DFE3F11
:10E530003E3F1F3E0F3C0F3C0F3C0F3C0F3C0F3C3F
:10E540001F3C1E3C3E3FFC3FF03B00000000000033
:10E5500000000000000000000000000000000000BB
:10E56000FE03FF0F871F003E003E003C007C007C46
:10E57000007C003C003E003E871FFF0FFE030000B2
:10E5800000000000000000001F001F001F001F000F
:10E590001F001F00FF07FF1F3F3E1F3C1F7C1F7C0B
:10E5A0001F7C1F781F781F7C1F7C3F3C7F3EFF1F16
:10E5B000DF0F00000000000000000000000000006D
:10E5C0000000000000000000F803FC0F3E1F1E3E8C
:10E5D0001F3C1F7CFF7FFF7F007C007C003C003ED7
:10E5E000071FFF0FFE0300000000000000000000F6
:10E5F000FF01E103C003C007C007C007FF7FFF7F23
:10E60000C007C007C007C007C007C007C007C007D2
:10E61000C007C007C007C007C00700000000000017
:10E6200000000000000000000000000000000000EA
:10E63000EF07FF1F7F3E1F3C1F7C1F7C1F781F784A
:10E640001F781F7C1F7C3F3C7F3EFF1FDF0F1E009B
:10E650001E001E007C38F83F003C003C003C003CA3
:10E66000003C003CFC3DFE3F9E3F1F3F1F3E1F3CC9
:10E670001F3C1F3C1F3C1F3C1F3C1F3C1F3C1F3CC2
:10E680001F3C00000000000000000000F001F0014D
:10E690000000000000000000E07FE07FE001E001FA
:10E6A000E001E001E001E001E001E001E001E00162
:10E6B000E001E001E00100000000000000000000B7
:10E6C000F800F8000000000000000000F83FF83FEC
:10E6D000F800F800F800F800F800F800F800F8007A
:10E6E000F800F800F800F800F800F800F800F00072
:10E6F000F071E07F003C003C003C003C003C003CF2
:10E700001F3C3E3C7C3CF83CF03DE03DC03FC03F00
:10E71000E03FF03DF83C7C3C3E3C1F3C1F3C000091
:10E720000000000000000000F07FF001F001F001A7
:10E73000F001F001F001F001F001F001F001F00151
:10E74000F001F001F001F001F001F001F001F00141
:10E75000F0010000000000000000000000000000C8
:10E7600000000000000000009EF7FFFFFFFFFFFF1A
:10E77000E7FBE7F9C7F1C7F1C7F1C7F1C7F1C7F187
:10E78000C7F1C7F1C7F10000000000000000000061
:10E79000000000000000000000000000FC3DFE3F03
:10E7A0009E3F1F3F1F3E1F3C1F3C1F3C1F3C1F3C0A
:10E7B0001F3C1F3C1F3C1F3C1F3C00000000000092
:10E7C0000000000000000000000000000000000049
:10E7D000F007FC1F3E3E1F3C1F7C0F780F780F7820
:10E7E0000F780F781F7C1F3C3E3EFC1FF007000097
:10E7F0000000000000000000000000000000000019
:10E8000000000000F83DFE3F3E3F1F3E0F3C0F3C26
:10E810000F3C0F3C0F3C0F3C1F3C1E3E3E3FFC3F5D
:10E82000F83F003C003C003C003C003C0000000085
:10E830000000000000000000EE07FE1F7E3E1E3CB0
:10E840001E7C1E781E781E781E781E781E7C3E7CEC
:10E850007E3EFE1FDE0F1E001E001E001E001E005C
:10E860000000000000000000000000007F1FFF1FEC
:10E87000E71FC71F871F001F001F001F001F001F6B
:10E88000001F001F001F001F001F000000000000ED
:10E890000000000000000000000000000000000078
:10E8A000FC07FE1F0E1E003E003E003FE01FFC075F
:10E8B000FE003E001E001E003E3CFC3FF01F00001C
:10E8C00000000000000000000000000000008007C1
:10E8D00080078007FF7FFF7F800780078007800712
:10E8E000800780078007800780078007C007FF0335
:10E8F000FF01000000000000000000000000000018
:10E9000000000000000000001E3C1E3C1E3C1E3C9F
:10E910001E3C1E3C1E3C1E3C1E3C1E3C3E3C7E3CA7
:10E92000FE3EFE1FDE0F00000000000000000000A1
:10E9300000000000000000000000000007F00F7859
:10E940000F781E3C1E3C1E3E3C1E3C1E780F780F6E
:10E95000F00FF007F007E003E00300000000000004
:10E9600000000000000000000000000000000000A7
:10E9700003F0E3F1E3F3E7F3F7F3F7F3F77F777FE0
:10E980007F7F7F7F7F7F3E3E3E3E3E3E3E3E00009D
:10E990000000000000000000000000000000000077
:10E9A000000000000F7C1E3E3C3E3C1FF80FF007AD
:10E9B000F007E003F007F807F80F7C1E3E3E1F3C0F
:10E9C0001F780000000000000000000000000000B0
:10E9D000000000000000000007F80F780F7C1E3CCC
:10E9E0001E3C3C1E3C1E3C1F780FF80FF007F00742
:10E9F000E003E003C003C003C0038007800F007F73
:10EA0000000000000000000000000000FF3FFF3F8A
:10EA10001F003E007C00F800F001E003C007800FFB
:10EA2000001F001E003CFF7FFF7F00000000000071
:10EA300000000000FE01E003C003C003C003C003E8
:10EA4000E001E001E001C001C003803F803FC0035E
:10EA5000C001E001E001E001C003C003C003C00346
:10EA6000E003FE017E000000C001C001C001C00142
:10EA7000C001C001C001C001C001C001C001C0018E
:10EA8000C001C001C001C001C001C001C001C0017E
:10EA9000C001C001C001C001C0010000C03FE003CF
:10EAA000E001E001E001E001C001C003C003C001DA
:10EAB000E001FE00FE00E001C001C003C003C00190
:10EAC000E001E001E001E001E003C03F003F0000A1
:10EAD0000000000000000000000000000000000036
:10EAE000000000000000073FC77FE773FFF17EF0E2
:10EAF0000000000000000000000000000000000016
:10EB00000000000000000000000000000000000005
:10EB100000000000000000000000000000000000F5
:10EB200000000000000000000000000000000000E5
:10EB3000000000000000000000000000000080074E
:10EB4000C00FC00FC00FE01FE01FE01DF03CF03C05
:10EB5000F03C7878F87FF87FF87F3CF03CF01EE0DE
:10EB60001EE00000000000000000000000000000A7
:10EB70000000F0FFF0FFF0FF00F000F000F000F008
:10EB8000C0FFF0FFF0FFF8F078F078F078F0F8F0E0
:10EB9000F0FFE0FFC0FF00000000000000000000E8
:10EBA000000000000000C0FFE0FFF0FFF0F1F0F017
:10EBB000F0F0E0F1C0FFE0FFF0FFF8F078F078F05F
:10EBC00078F0F8F0F0FFE0FFC0FF00000000000068
:10EBD00000000000000000000000F0FFF0FFF0FF68
:10EBE00000F000F000F000F000F000F000F000F0A5
:10EBF00000F000F000F000F000F000F000F0000085
:10EC00000000000000000000000000000000FC1FE9
:10EC1000FC3FFC3F3C3C3C3C3C3C3C3C3C3C3C7872
:10EC20003C783C783C783C783C703C70FEFFFEFFC2
:10EC3000FEFF0EE00EE000000000000000000000FB
:10EC40000000F0FFF0FFF0FF00F000F000F000F037
:10EC5000E0FFE0FFE0FF00F000F000F000F000F067
:10EC6000F0FFF0FFF0FF00000000000000000000D7
:10EC700000000000000086C38EE38EE39C7398338F
:10EC8000B83BF01FE00FE00FF01FF81FB83B9C737C
:10EC90009C738EE38EE38EE386C3000000000000C9
:10ECA00000000000000000000000803FE0FFF0FFD7
:10ECB000F8E078807800F000E03FC03FE03FF000EF
:10ECC000780078007800F0C0E0FFC0FF007F00000F
:10ECD00000000000000000000000000000003EF006
:10ECE0003EF07EF07EF0FEF0FEF1FEF1DEF3DEF7A8
:10ECF0009EF71EFF1EFF1EFE1EFE1EFC1EF81EF8C7
:10ED00001EF00000000000000000000080078007E7
:10ED100000003EF03EF07EF07EF0FEF0FEF1FEF1EF
:10ED2000DEF3DEF79EF71EFF1EFF1EFE1EFE1EFC1C
:10ED30001EF81EF81EF00000000000000000000099
:10ED40000000000000003CF07CF0FCF0F0F1E0F18D
:10ED5000E0F3C0F7C0FF80FFC0FFC0F3E0F3F0F1C5
:10ED6000F0F0F8F078F07CF03EF0000000000000D9
:10ED700000000000000000000000FE3FFE3FFE3FDC
:10ED80001E3C1E3C1E3C1E3C1E3C1E3C1E3C1E38B7
:10ED90001E781E781E781EF01EF01EE01EC00000B9
:10EDA00000000000000000000000000000001EF055
:10EDB0001EF03EF83EF87EFC7EFC7EFCEEEEEEEEB3
:10EDC000EEEFCEE7CEE78EE38EE30EE10EE00EE04F
:10EDD0000EE0000000000000000000000000000045
:10EDE00000003CF03CF03CF03CF03CF03CF03CF0EF
:10EDF000FCFFFCFFFCFF3CF03CF03CF03CF03CF046
:10EE00003CF03CF03CF0000000000000000000007E
:10EE1000000000000000C007F01FF83F7C7C3C7839
:10EE20003EF81EF01EF01EF01EF01EF01EF03EF822
:10EE30003C787C7CF83FF01FC00700000000000019
:10EE400000000000000000000000FCFFFCFFFCFFD1
:10EE50003CF03CF03CF03CF03CF03CF03CF03CF052
:10EE60003CF03CF03CF03CF03CF03CF03CF000006E
:10EE70000000000000000000000000000000E0FFB3
:10EE8000F0FFF8FF7CF03CF03CF03CF03CF078F018
:10EE9000F8FFF0FFC0FF00F000F000F000F000F01D
:10EEA00000F0000000000000000000000000000072
:10EEB0000000E00FF83FFC7F3C7C1CF00CF000F001
:10EEC00000E000E000E000E000F00CF01CF03C7C12
:10EED000FC7FF83FE00F0000000000000000000091
:10EEE000000000000000FCFFFCFFFCFF8007800723
:10EEF00080078007800780078007800780078007DA
:10EF0000800780078007800780070000000000005E
:10EF1000000000000000000000003CE078E078F015
:10EF2000F8F0F0F0F078E079E03DE03DC01FC01F60
:10EF3000801F800F800F000F00FF00FE00FC00000C
:10EF4000000000000000000000000000000080033E
:10EF50008003F01FFC7FFC7F9EF38EE386C386C395
:10EF600086C386C38EE39EF3FC7FFC7FF01F800385
:10EF7000800300000000000000000000000000000E
:10EF800000003EF07CF07878F83CF03CE01FE01F99
:10EF9000C00FC00FC00FC00FE01FE01FF03CF83CD7
:10EFA00078783CF03EF00000000000000000000017
:10EFB0000000000000003CF03CF03CF03CF03CF075
:10EFC0003CF03CF03CF03CF03CF03CF03CF03CF0E1
:10EFD0003CF03CF0FEFFFEFFFEFF0E000E000000C6
:10EFE000000000000000000000003CF03CF03CF09D
:10EFF0003CF03CF03CF03CF03CF03CF8FCFFFC7F8B
:10F00000FC1F3C003C003C003C003C003C0000007D
:10F0100000000000000000000000000000008EE37F
:10F020008EE38EE38EE38EE38EE38EE38EE38EE358
:10F030008EE38EE38EE38EE38EE38EE3FEFFFEFF30
:10F04000FEFF0000000000000000000000000000C3
:10F0500000008EE38EE38EE38EE38EE38EE38EE399
:10F060008EE38EE38EE38EE38EE38EE38EE38EE318
:10F07000FEFFFEFFFEFF0E000E000000000000007D
:10F0800000000000000000FC00FC00FC003C003C14
:10F09000003C003CF03FF83FFC3F3C3C1C3C1C3C2F
:10F0A0001C3C3C3CFC3FF83FF03F000000000000EF
:10F0B000000000000000000000000EE00EE00EE086
:10F0C0000EE00EE00EE00EE08EFFCEFFEEFFEEE172
:10F0D000EEE0EEE0EEE0EEE1EEFFCEFF8EFF0000B0
:10F0E000000000000000000000000000000000F030
:10F0F00000F000F000F000F000F000F0C0FFE0FFD2
:10F10000F0FFF8F078F078F078F0F8F0F0FFE0FF3A
:10F11000C0FF000000000000000000000000000030
:10F120000000007FC0FFE0FFF0C1F000F8007800B1
:10F13000F83FF83FF83F78007800F000F000F0C3A7
:10F14000E0FFC0FF007F00000000000000000000A2
:10F15000000000000000E0E0F8E3F8E3BCE71CE793
:10F160000EEE0EEE0EFE0EFE0EFE0EEE0EEE0EEE8F
:10F170001CE7BCE7F8E3F8E3E0E000000000000073
:10F1800000000000000000000000F81FF87FF87F7A
:10F1900078F878F078F078F078F8F87FF83FF81F92
:10F1A000783E783C787C78F878F078F078E0000069
:10F1B000000000000000000000000000000000004F
:10F1C0000000000000000000007FC0FFE0FFE0C37F
:10F1D000E001E01FE0FFE0F1E0E1E0E1E0FFE0FF5F
:10F1E000E07D0000000000000000000000000000C2
:10F1F0000000E03FE07F00FC00F000E080E7C0FF9F
:10F20000E0FFF0E1F0E0F0E0F0E0F0E0F0E0E0F16D
:10F21000E0FFC07F001F00000000000000000000B1
:10F2200000000000000000000000000000000000DE
:10F23000C0FFE0FFE0FFE0F1C0F180FFE0FFF0F091
:10F24000F0F0F0F0F0FFE0FFC0FF00000000000071
:10F2500000000000000000000000000000000000AE
:10F2600000000000C0FFC0FFC0FF00F000F000F091
:10F2700000F000F000F000F000F000F000F00000FE
:10F28000000000000000000000000000000000007E
:10F290000000000000000000F80FF81FF81F781CA5
:10F2A000781C783C7838783878787870FCFFFCFFE8
:10F2B000FCFF1CE000000000000000000000000057
:10F2C000000000000000000000000000001FC07FE0
:10F2D000C0FFE0F1E0E1E0FFE0FF00E000E060F00F
:10F2E000E0FFE07FC01F0000000000000000000001
:10F2F000000000000000000000000000000000000E
:10F3000086C38EE39C73B83BF83FF01FE00FC00745
:10F31000F01FF83FBC7B9EF38EE30000000000006E
:10F3200000000000000000000000000000000000DD
:10F3300000000000007FC0FFE0FFE0C1E001C03F2F
:10F34000003FC03FE001E001E0FFC0FF007F0000A0
:10F3500000000000000000000000000000000000AD
:10F36000000000000000000078F0F8F0F8F1F8F17B
:10F37000F8F378F778F778FE78FC78FC78F878F08E
:10F3800078F0000000000000000000000000000015
:10F390000000F078E03FC01F0000000078F0F8F0B7
:10F3A000F8F1F8F1F8F378F778F778FE78FC78FC64
:10F3B00078F878F078F0000000000000000000000D
:10F3C000000000000000000000000000000000003D
:10F3D000E0F1E0F3E0F3C0F780F780FF00FF80FF8B
:10F3E00080F7C0F7E0F3E0F1F0F10000000000006A
:10F3F000000000000000000000000000000000000D
:10F4000000000000F83FF87FF87F78787878787807
:10F4100078787878787878F078F078E078C00000BC
:10F4200000000000000000000000000000000000DC
:10F4300000000000000000003EF83EF87EFC7EFC6C
:10F44000FEFEFEFEDEF7DEF79EF39EF31EF11EF0DB
:10F450001EF000000000000000000000000000009E
:10F4600000000000000000000000000078F078F0CC
:10F4700078F078F0F8FFF8FFF8FF78F078F078F09F
:10F4800078F078F078F00000000000000000000044
:10F49000000000000000000000000000000000006C
:10F4A000800FE03FF07FF07878F078F078F078F037
:10F4B00078F0F078F07FE03F800F0000000000005F
:10F4C000000000000000000000000000000000003C
:10F4D00000000000F8FFF8FFF8FF78F078F078F00F
:10F4E00078F078F078F078F078F078F078F0000044
:10F4F000000000000000000000000000000000000C
:10F50000000000000000000080FFC0FFE0FFE0F10D
:10F51000E0F0E0F0E0F0E0F1E0FFC0FF80FF00F09D
:10F5200000F000F0000000000000000000000000FB
:10F53000000000000000000000000000801FC07FED
:10F54000E0FFE0F060E000E000E000E060E0E0F01C
:10F55000E0FFC07F801F00000000000000000000EE
:10F56000000000000000000000000000000000009B
:10F57000F0FFF0FFF0FF000F000F000F000F000F73
:10F58000000F000F000F000F000F00000000000030
:10F59000000000000000000000000000000000006B
:10F5A0000000000038E038F078F07078E07CE03E51
:10F5B000E01FC00FC00780038007807F007F00002E
:10F5C000000000000000000000000000000000003B
:10F5D0000000000080038003F83FFC7FFEFF8EE305
:10F5E00086C386C386C38EE3FEFFFC7FF83F80039D
:10F5F0008003000000000000000000000000000088
:10F600000000000000000000000000007CF0F8F89E
:10F61000F078E03DC01FC01F800FC01FC01FE03D3D
:10F62000F078F8F87CF00000000000000000000016
:10F6300000000000000000000000000000000000CA
:10F64000F0F0F0F0F0F0F0F0F0F0F0F0F0F0F0F0BA
:10F65000F0F0F0F0FCFFFCFFFC7F1C001C00000041
:10F66000000000000000000000000000000000009A
:10F6700000000000F0E0F0E0F0E0F0E0F0E0F0F09A
:10F68000F0FFF0FFF07FF000F000F000F00000006D
:10F69000000000000000000000000000000000006A
:10F6A00000000000000000008EE38EE38EE38EE396
:10F6B0008EE38EE38EE38EE38EE38EE3FEFFFEFFAA
:10F6C000FEFF00000000000000000000000000003D
:10F6D0000000000000000000000000008EE38EE348
:10F6E0008EE38EE38EE38EE38EE38EE38EE38EE392
:10F6F000FEFFFEFFFEFF0E000E00000000000000F7
:10F7000000000000000000000000000000000000F9
:10F7100000FC00FC00FC003CF03FF83FFC3F3C3CA0
:10F720003C3C3C3CFC3FF83FF03F00000000000048
:10F7300000000000000000000000000000000000C9
:10F74000000000000EF00EF00EF00EF08EFFCEFF67
:10F75000EEFFEEF0EEF0EEF0EEFFCEFF8EFF0000DB
:10F760000000000000000000000000000000000099
:10F77000000000000000000000F000F000F000F0C9
:10F78000C0FFE0FFF0FFF0F0F0F0F0F0F0FFE0FF7E
:10F79000C0FF0000000000000000000000000000AA
:10F7A00000000000000000000000000000FC00FF5E
:10F7B00080FF8007C003C0FFC0FFC0FFC0038007F9
:10F7C00080FF00FF00FC00000000000000000000BF
:10F7D0000000000000000000000000000000000029
:10F7E000F0E3F8E7FCE71EEF0EEE06FC06FC06FC75
:10F7F0000EEE1EEFFCE7F8E7F0E30000000000006B
:10F8000000000000000000000000000000000000F8
:10F8100000000000F03FF07FF0FFF0F0F0F0F0FFAC
:10F82000F07FF01FF03EF07CF0F8F0F8F0F0000010
:10F83000000000000000000000000000C030F0FFE9
:10F84000F0FFF0FF00F000F000F000F0E0FFE0FF5C
:10F85000E0FF00F000F000F000F000F0F0FFF0FF3B
:10F86000F0FF0000000000000000000000000000A9
:10F87000000000000000001100110000001FC07F08
:10F88000C0FFE0F1E0E1E0FFE0FF00E000E060F059
:10F89000E0FFE07FC01F000000000000000000004B
:10F8A000000000000000F007F81FF83F187C007807
:10F8B00000F800F0E0FFE0FFE0FF00F000F000786B
:10F8C0000078187EF83FF81FF007000000000000E5
:10F8D0000000000000000000F078F078FCFFFCFF62
:10F8E000800F800F800F800F800F800F800F800FA0
:10F8F000800F800F800F800F800FFCFFFCFF000047
:10F900000000000000000000000000000000FCFFFC
:10F91000FCFF800F800F800F800F800F800F800F03
:10F92000800F800F800F800F800F800F800FFCFFF3
:10F93000FCFF0000000000000000000000000000CC
:10F94000000000000000000F000F0000E07FE07FDB
:10F95000000F000F000F000F000F000F000F000F2F
:10F96000000FE07FE07F00000000000000000000CA
:10F970000000000000000000000000000000000087
:10F98000C00FC03FC07F007800F0C0FFC0FFC0FFC5
:10F9900000F00078C07FC03FC00F000000000000F2
:10F9A0000000000000000000000000000000C0395E
:10F9B000C0390000E07FE07F000F000F000F000F54
:10F9C000000F000F000F000F000FE07FE07F00002E
:10F9D0000000000000000000000000000000000027
:10F9E00000000000000000000000001000100010E7
:10F9F0000010001000100000001000000028002877
:10FA000000280000000000000000000000000024AA
:10FA10000024007E00240024007E00240024000036
:10FA200000100038005400500038005400540038D2
:10FA3000001000200054005800300028005400142A
:10FA400000080000001000280028001000340048C2
:10FA500000480034000000100010001000000000FA
:10FA6000000000000000000000080010002000203E
:10FA700000200020001000080000002000100008F6
:10FA800000080008000800100020000000100038E6
:10FA9000001000280000000000000000000000002E
:10FAA000000000100010007C00100010000000009A
:10FAB0000000000000000000000000000010001026
:10FAC00000200000000000000000003800000000DE
:10FAD0000000000000000000000000000000000026
:10FAE00000000010000000080008001000100010C6
:10FAF00000100020002000000038004400440054A2
:10FB00000044004400440038000000100030005061
:10FB10000010001000100010001000000038004419
:10FB200000440004000800100020007C00000038A1
:10FB300000440004001800040004004400380000E1
:10FB400000080018002800280048007C0008000871
:10FB50000000007C004000400078000400040044E5
:10FB600000380000003800440040007800440044A1
:10FB7000004400380000007C000400080010001061
:10FB8000002000200020000000380044004400381D
:10FB900000440044004400380000003800440044A1
:10FBA0000044003C00040044003800000000000055
:10FBB0000010000000000000000000100000000025
:10FBC00000000010000000000000001000100020E5
:10FBD00000000000000C003000400030000C00006D
:10FBE0000000000000000000007C0000007C00001D
:10FBF0000000000000000000006000180004001871
:10FC000000600000000000380044000400080010FC
:10FC1000001000000010000000380044004C0054A8
:10FC2000005C004000400038000000100028002860
:10FC300000280028007C00440044000000780044B4
:10FC4000004400780044004400440078000000387C
:10FC500000440040004000400040004400380000E4
:10FC60000070004800440044004400440048007014
:10FC70000000007C00400040007C0040004000404C
:10FC8000007C0000007C0040004000780040004004
:10FC90000040004000000038004400400040005C8C
:10FCA0000044004400380000004400440044007C4C
:10FCB00000440044004400440000003800100010DC
:10FCC00000100010001000100038000000040004B4
:10FCD0000004000400040004004400380000004454
:10FCE00000480050006000500048004800440000F8
:10FCF0000040004000400040004000400040007CC8
:10FD000000000044006C006C0054004400440044B7
:10FD10000044000000440064006400540054004C9F
:10FD2000004C0044000000380044004400440044FB
:10FD300000440044003800000078004400440044BF
:10FD400000780040004000400000003800440044BB
:10FD5000004400440044005400380004007800448B
:10FD60000044004400780048004800440000003887
:10FD70000044004000300008000400440038000047
:10FD8000007C001000100010001000100010001087
:10FD90000000004400440044004400440044004487
:10FDA00000380000004400440044002800280028D7
:10FDB000001000100000004400440054005400549F
:10FDC000006C0028002800000044002800280010D3
:10FDD00000100028002800440000004400440028CF
:10FDE000002800100010001000100000007C00042B
:10FDF00000080010001000200040007C00000018E7
:10FE0000001000100010001000100010001800007A
:10FE10000020002000100010001000100008000852
:10FE20000000003000100010001000100010001042
:10FE300000300000001000280028004400000000EE
:10FE400000000000000000000000000000000000B2
:10FE50000000000000FE0000002000100000000074
:10FE6000000000000000000000000000000000385A
:10FE70000044003C0044004C0034000000400040BE
:10FE80000058006400440044006400580000000072
:10FE900000000038004400400040004400380000EA
:10FEA000000400040034004C00440044004C0034C2
:10FEB00000000000000000380044007C00400044C6
:10FEC00000380000000C0010007C00100010001032
:10FED000001000100000000000000034004C00443E
:10FEE000004C0034000400780040004000580064DA
:10FEF0000044004400440044000000100000007072
:10FF00000010001000100010001000000010000091
:10FF100000700010001000100010001000E0004001
:10FF200000400048005000600050004800440000BD
:10FF300000700010001000100010001000100010E1
:10FF400000000000000000780054005400540054E9
:10FF50000054000000000000005800640044004409
:10FF60000044004400000000000000380044004449
:10FF70000044004400380000000000000058006405
:10FF800000440064005800400040000000000034BD
:10FF9000004C0044004C0034000400040000000049
:10FFA0000058006400400040004000400000000095
:10FFB0000000003800440030000800440038000011
:10FFC00000200020007800200020002000200018E1
:10FFD0000000000000000044004400440044004CC5
:10FFE0000034000000000000004400440028002805
:10FFF00000280010000000000000005400540054CD
:020000040801F1
:10000000006C0028002800000000000000440028C8
:100010000010001000280044000000000000004410
:1000200000440028002800100010006000000000BC
:10003000007C0008001000200040007C0000001838
:100040000010001000200020001000100018000018
:100050000010001000100010001000100010001020
:100060000000003000100010000800080010001010
:10007000003000000000000000000032004C0000D2
:100080000000000000000000000000000000000070
:1000900000000000000000000010002800280028D8
:1000A0000028007C0044004400000078004000402C
:1000B00000780044004400440078000000780044C8
:1000C0000044007800440044004400780000007CB4
:1000D0000040004000400040004000400040000060
:1000E000001C002400240024002400240024007E9E
:1000F0000042007C0040004000780040004000408A
:10010000007C000000540054003800380010003813
:10011000005400540000007800440004001800045B
:1001200000040004007800000044004C004C00541F
:10013000005400640064004400000054004C004C73
:10014000005400540064006400440000004400486F
:100150000050006000500048004800440000001CAF
:100160000024002400240024002400240044000073
:100170000044006C006C00540044004400440044FF
:100180000000004400440044007C0044004400445B
:10019000004400000038004400440044004400448F
:1001A000004400380000007C004400440044004447
:1001B000004400440044000000780044004400442F
:1001C000007800400040004000000038004400403B
:1001D000004000400040004400380000007C001057
:1001E000001000100010001000100010000000446B
:1001F00000440028002800100010002000600000CB
:10020000001000380054005400540054003800100E
:1002100000000044002800280010001000280028DA
:1002200000440000004800480048004800480048DA
:100230000048007C00040044004400440044003CAA
:100240000004000400040000004400440054005472
:10025000005400540054007C00000044004400544A
:100260000054005400540054007E0002006000203E
:100270000020003800240024002400380000004240
:10028000004200420072004A004A004A0072000028
:1002900000400040004000780044004400440078E2
:1002A0000000003800440004001C00040004004466
:1002B00000380000004C0052005200720052005200
:1002C0000052004C0000003C004400440044003C4C
:1002D0000024002400440000000000000038004416
:1002E000003C0044004C0034000000040038004092
:1002F0000058006400440044003800000000000082
:1003000000700048007000480048007000000000C5
:100310000000007800400040004000400040000025
:100320000000000000180028002800280028007C99
:1003300000440000000000380044007C00400044FD
:100340000038000000000000005400540038001085
:100350000038005400000000000000780048001041
:10036000000800080070000000000000004800487D
:1003700000580068004800480000003000000048B5
:1003800000480058006800480048000000000000D5
:100390000048005000600050004800440000000089
:1003A000000000180028002800280028004800004D
:1003B000000000000044006C00540044004400446D
:1003C00000000000000000440044007C00440044A1
:1003D00000440000000000000038004400440044D5
:1003E0000044003800000000000000780044004491
:1003F0000044004400440000000000000058006475
:100400000044006400580040004000000000003834
:10041000004400400040004400380000000000009C
:1004200000780054005400540054005400000000B0
:100430000000004400440028002800100010006064
:100440000000000000100038005400540038001074
:1004500000000000000000440028001000100028E8
:100460000044000000000000004800480048004828
:100470000048007C00040000000000440044003CF0
:1004800000040004000400000000000000540054B8
:10049000005400540054007C000000000000005490
:1004A0000054005400540054007E0002000000007C
:1004B0000060002000380024002400380000000004
:1004C0000000004200420072004A004A0072000030
:1004D0000000000000200020003800240024003824
:1004E00000000000000000380044001C000400442C
:1004F0000038000000000000004C00520072005262
:100500000052004C00000000000000380048004885
:1005100000380028004800000028007C004000400F
:10052000007800400040007C0000002800000038F7
:100530000044007C004000440038000000380044C3
:1005400000400070004000400044003800000028D7
:1005500000380010001000100010001000380000DB
:1005600000380010001000100010001000100038BB
:1005700000000010000000380010001000100010F3
:100580000038000000000000003800440070004007
:10059000004400380000002800000038001000105F
:1005A000001000100038000001030507090E1012AA
:1005B0001416181C1E00C700FC00E900E200E4004D
:1005C000E000E500E700EA00EB00E800EF00EE00E5
:1005D000EC00C400C500C900E600C600F400F60047
:1005E000F200FB00F900FF00D600DC00F800A300D9
:1005F000D800D7009201E100ED00F300FA00F1000D
:10060000D100AA00BA00BF00AE00AC00BD00BC0023
:10061000A100AB00BB00912592259325022524253E
:10062000C100C200C000A9006325512557255D25E2
:10063000A200A5001025142534252C251C250025F5
:100640003C25E300C3005A2554256925662560250D
:1006500050256C25A400F000D000CA00CB00C800D3
:100660003101CD00CE00CF0018250C25882584252A
:10067000A600CC008025D300DF00D400D200F50016
:10068000D500B500FE00DE00DA00DB00D900FD0079
:10069000DD00AF00B400AD00B1001720BE00B60011
:1006A000A700F700B800B000A800B700B900B30079
:1006B000B200A025A00090D025303264202D20D19A
:1006C00081D0B5D0BAD183D0BDD0B4D18B20D0BF2A
:1006D000D0BED181D0BBD0B5D0B4D0BDD0B5D0B311
:1006E000D0BE20D0BED182D0BAD0BBD18ED187D0DF
:1006F000B5D0BDD0B8D18F0A0A0025303264202D84
:1007000020D0B3D0BED0B420D0BFD0BED181D0BB1A
:10071000D0B5D0B4D0BDD0B5D0B3D0BE20D0BED12E
:1007200082D0BAD0BBD18ED187D0B5D0BDD0B8D110
:100730008F0A0A0025303264202D20D181D0B5D017
:10074000BAD183D0BDD0B4D18B20D181D0BBD0B5AC
:10075000D0B4D183D18ED189D0B5D0B3D0BE20D082
:10076000A2D09E0A0A0025303264202D20D181D0EB
:10077000B5D0BAD183D0BDD0B4D18B20D0BFD0BE3C
:10078000D181D0BBD0B5D0B4D0BDD0B5D0B3D0BE60
:1007900020D0A2D09E0A0A0025303264202D20D01D
:1007A000B3D0BED0B420D0BFD0BED181D0BBD0B5E5
:1007B000D0B4D0BDD0B5D0B3D0BE20D0A2D09E0A88
:1007C0000A0025303264202D20D187D0B0D181207D
:1007D000D0BFD0BED181D0BBD0B5D0B4D0BDD0B504
:1007E000D0B3D0BE20D0BED182D0BAD0BBD18ED1B2
:1007F00087D0B5D0BDD0B8D18F0A00253032642063
:100800002D20D0BCD0B5D181D18FD18620D0BFD002
:10081000BED181D0BBD0B5D0B4D0BDD0B5D0B3D0CF
:10082000BE20D0BED182D0BAD0BBD18ED187D0B5B8
:10083000D0BDD0B8D18F0A0025303264202D20D011
:10084000BCD0B8D0BDD183D182D18B20D0BFD0BE97
:10085000D181D0BBD0B5D0B4D0BDD0B5D0B3D0BE8F
:1008600020D0BED182D0BAD0BBD18ED187D0B5D066
:10087000BDD0B8D18F0A0025303264202D20D0B4ED
:10088000D0B0D182D0B020D0BFD0BED181D0BBD02B
:10089000B5D0B4D0BDD0B5D0B3D0BE20D0BED182FB
:1008A000D0BAD0BBD18ED187D0B5D0BDD0B8D18F82
:1008B0000A0025303264202D20D187D0B0D181208C
:1008C000D181D0BBD0B5D0B4D183D18ED189D0B5B0
:1008D000D0B3D0BE20D0A2D09E0A002530326420F2
:1008E0002D20D0BCD0B5D181D18FD18620D181D05F
:1008F000BBD0B5D0B4D183D18ED189D0B5D0B3D04F
:10090000BE20D0A2D09E0A0025303264202D20D0F7
:10091000BCD0B8D0BDD183D182D18B20D181D0BB06
:10092000D0B5D0B4D183D18ED189D0B5D0B3D0BE1B
:1009300020D0A2D09E0A0025303264202D20D0B4D1
:10094000D0B0D182D0B020D181D0BBD0B5D0B4D17D
:1009500083D18ED189D0B5D0B3D0BE20D0A2D09EC5
:100960000A0025303264202D20D0B3D0BED0B42070
:10097000D181D0BBD0B5D0B4D183D18ED189D0B5FF
:10098000D0B3D0BE20D0A2D09E0A00253032642041
:100990002D20D187D0B0D18120D0BFD0BED181D081
:1009A000BBD0B5D0B4D0BDD0B5D0B3D0BE20D0A2CE
:1009B000D09E0A0025303264202D20D0BCD0B5D185
:1009C00081D18FD18620D0BFD0BED181D0BBD0B550
:1009D000D0B4D0BDD0B5D0B3D0BE20D0A2D09E0A66
:1009E0000025303264202D20D0BCD0B8D0BDD183BA
:1009F000D182D18B20D0BFD0BED181D0BBD0B5D0D9
:100A0000B4D0BDD0B5D0B3D0BE20D0A2D09E0A0005
:100A100025303264202D20D0B4D0B0D182D0B02087
:100A2000D0BFD0BED181D0BBD0B5D0B4D0BDD0B5B1
:100A3000D0B3D0BE20D0A2D09E0A002564202D20A5
:100A4000D0BCD0BED182D0BED187D0B0D181D18B25
:100A500020D0B4D0BE20D0A2D09E0A002564202D84
:100A600020D0BED0B1D189D0B5D0B520D0BAD0BEBB
:100A7000D0BB2DD0B2D0BE20D0BCD0B8D0BDD18399
:100A8000D18220D0B1D0B5D0B720D18DD0BB2DD060
:100A9000B2D0B00A002564202D20D0BED0B1D189BB
:100AA000D0B5D0B520D0BAD0BED0BB2DD0B2D0BE3C
:100AB00020D187D0B0D181D0BED0B220D0B1D0B5B6
:100AC000D0B720D18DD0BB2DD0B2D0B00A002564D4
:100AD000202D20D0BAD0BED0BB2DD0B2D0BE20D0D9
:100AE000BFD0BED0BFD18BD182D0BED0BA20D0B7BC
:100AF000D0B0D0BFD183D181D0BAD0B00A002564A4
:100B0000202D20D0BAD0BED0BB2DD0B2D0BE20D1A7
:100B100083D0B4D0B0D187D0BDD18BD18520D0B710
:100B2000D0B0D0BFD183D181D0BAD0BED0B20A006C
:100B30002564202D20D0BCD0B8D0BDD183D182D1A6
:100B40008B20D0B1D0B5D0B720D18DD0BB2DD0B2B5
:100B5000D0B020D0B7D0B020D0BFD0BED181D0BBD4
:100B6000D0B5D0B4D0BDD0B8D0B920D180D0B0D01D
:100B7000B70A00686973746F727953746F72616732
:100B80006546696C652E74787400686973746F7259
:100B9000795573657246696C652E74787400D0A1BE
:100BA000D182D180D183D0BAD182D183D180D0B04B
:100BB00020D0B8D181D182D0BED180D0B8D0B820D9
:100BC000D0BDD0B020736420D0BAD0B0D180D18253
:100BD000D0B520D0BED0B1D0BDD0BED0B2D0BBD069
:100BE000B5D0BDD0B000D09ED188D0B8D0B1D0BAE9
:100BF000D0B021212100D09ED188D0B8D0B1D0BAB8
:100C0000D0B02100D09ED188D0B8D0B1D0BAD0B069
:100C100021212120D094D092D0A120D0BDD0B5D117
:100C200083D0BFD180D0B0D0B2D0BBD18FD0B5D01F
:100C3000BCD0BE20D0BED181D182D0B0D0BDD0BE7C
:100C4000D0B2D0BBD0B5D0BD2028D0B7D0B0D0B3B3
:100C5000D0BBD0BED1852900D09FD180D0B5D0B433
:100C6000D183D0BFD180D0B5D0B6D0B4D0B5D0BDAF
:100C7000D0B8D0B52120D09DD0B5D0BED0B1D185CF
:100C8000D0BED0B4D0B8D0BCD0BE20D0BFD180D0E0
:100C9000BED0B2D0B5D181D182D0B820D182D0B56A
:100CA000D1852E20D0BED181D0BCD0BED182D18002
:100CB00000D09ED188D0B8D0B1D0BAD0B0212121F7
:100CC00020D091D18BD0BB20D185D0B0D180D0B4F1
:100CD00020D180D0B5D181D0B5D18200D091D18B37
:100CE000D0BB20D181D0B1D180D0BED18120D0BFA6
:100CF000D0BE20D0B2D0B0D187D0B4D0BED0B3D186
:100D00008300D09FD0BED0BBD18CD0B7D0BED0B2E4
:100D1000D0B0D182D0B5D0BBD18C202D20D0BFD0C7
:100D2000B5D180D0B5D185D0BED0B420D0B220D13D
:100D300080D183D187D0BDD0BED0B920D180D0B5ED
:100D4000D0B6D0B8D0BC20D180D0B0D0B1D0BED138
:100D500082D18B00D092D0BAD0BBD18ED187D0B502
:100D6000D0BD20D180D183D187D0BDD0BED0B92015
:100D7000D180D0B5D0B6D0B8D0BC20D180D0B0D042
:100D8000B1D0BED182D18B00D09FD180D0B5D0B4AC
:100D9000D183D0BFD180D0B5D0B6D0B4D0B5D0BD7E
:100DA000D0B8D0B52E20D09ED188D0B8D0B1D0BA8E
:100DB000D0B020D0BED182D0BCD0B5D0BDD18B2098
:100DC000D0BFD180D0B5D0B4D183D0BFD180D0B581
:100DD000D0B6D0B4D0B5D0BDD0B8D18F00D09FD1CF
:100DE00080D0B5D0B4D183D0BFD180D0B5D0B6D06B
:100DF000B4D0B5D0BDD0B8D0B52120D09ED188D048
:100E0000B8D0B1D0BAD0B020D0B2D18BD0B2D0BE91
:100E1000D0B4D0B020D0BFD180D0B5D0B4D183D0A1
:100E2000BFD180D0B5D0B6D0B4D0B5D0BDD0B8D1B8
:100E30008F00D0A3D0B4D0B0D0BBD0B5D0BDD0BE81
:100E400020D0BFD180D0B5D0B4D183D0BFD180D095
:100E5000B5D0B6D0B4D0B5D0BDD0B8D0B520D0BE06
:100E600020D180D0B0D0B7D180D18FD0B4D0B52030
:100E7000D090D09AD09100D09ED188D0B8D0B1D0A7
:100E8000BAD0B021212120D09ED182D0BAD0BBD1FE
:100E90008ED187D0B5D0BDD0B8D18F20D180D0B57C
:100EA000D0BBD0B520D181D182D0B0D180D182D079
:100EB000B5D180D0B000D09ED188D0B8D0B1D0BA52
:100EC000D0B021212120D092D0BAD0BBD18ED187F1
:100ED000D0B5D0BDD0B8D18F20D180D0B5D0BBD0C7
:100EE000B520D181D182D0B0D180D182D0B5D1808E
:100EF000D0B000D09ED188D0B8D0B1D0BAD0B02177
:100F0000212120D09FD180D0B5D0B2D18BD188D033
:100F1000B5D0BDD0BE20D0BCD0B0D0BAD1812E20AB
:100F2000D0BAD0BED0BB2DD0B2D0BE20D0BFD0BEA4
:100F3000D0BFD18BD182D0BED0BA20D0B7D0B0D064
:100F4000BFD183D181D0BAD0B000D09FD180D0B5ED
:100F5000D0B4D183D0BFD180D0B5D0B6D0B4D0B5C5
:100F6000D0BDD0B8D0B52120D09DD0B5D0BED0B1A5
:100F7000D185D0BED0B4D0B8D0BCD0BE20D0B7D0F0
:100F8000B0D180D18FD0B4D0B8D182D18C20D0B0A4
:100F9000D0BAD0B100D09ED188D0B8D0B1D0BAD01C
:100FA000B021212120D09DD0B8D0B7D0BAD0BED0AA
:100FB000B520D0BDD0B0D0BFD180D18FD0B6D0B504
:100FC000D0BDD0B8D0B520D0B0D0BAD0B100D09E6E
:100FD000D188D0B8D0B1D0BAD0B021212120D092C0
:100FE000D18BD181D0BED0BAD0BED0B520D0BDD0AB
:100FF000B0D0BFD180D18FD0B6D0B5D0BDD0B8D011
:10100000B520D0B0D0BAD0B100D09FD180D0B5D06B
:10101000B4D183D0BFD180D0B5D0B6D0B4D0B5D004
:10102000BDD0B8D0B500D09ED188D0B8D0B1D0BA9C
:10103000D0B021212120D09ED188D0B8D0B1D0BA53
:10104000D0B020D0B2D18BD0B2D0BED0B4D0B020EE
:10105000D0BED188D0B8D0B1D0BAD0B800D09ED14F
:1010600088D0B8D0B1D0BAD0B021212120D09DD025
:10107000B5D0B8D181D0BFD180D0B0D0B2D0BDD0A2
:10108000BED181D182D18C20D186D0B5D0BFD0B88D
:1010900020D0B7D0B0D180D18FD0B4D0BAD0B800E2
:1010A00054686973204E6577204C696E65205761DE
:1010B0007320416464656420447572696E672055CD
:1010C0007064617465210D0A005465787446696C1A
:1010D0006557726974652E7478740053445F496E65
:1010E000697420D0A3D181D0BFD0B5D188D0BDD074
:1010F000B0D18F20D0B8D0BDD0B8D186D0B8D0B0C4
:10110000D0BBD0B8D0B7D0B0D186D0B8D18F205313
:101110004420D0BAD0B0D180D182D18B00D09FD022
:10112000B5D180D0B5D0BAD0BBD18ED187D0B5D013
:10113000BDD0B8D0B520D181D0B8D0BBD0BED0B250
:10114000D0BED0B3D0BE20D0B0D0B2D182D0BED02D
:10115000BCD0B0D182D0B020D0B0D0B2D1802C20C1
:10116000504F5745525F49535F4F464600D09FD07E
:10117000B5D180D0B5D0BAD0BBD18ED187D0B5D0C3
:10118000BDD0B8D0B520D181D0B8D0BBD0BED0B200
:10119000D0BED0B3D0BE20D0B0D0B2D182D0BED0DD
:1011A000BCD0B0D182D0B020D0B0D0B2D1802C2071
:1011B00045585445524E414C5F504F57455200D010
:1011C0009FD0B5D180D0B5D0BAD0BBD18ED187D089
:1011D000B5D0BDD0B8D0B520D181D0B8D0BBD0BEAD
:1011E000D0B2D0BED0B3D0BE20D0B0D0B2D182D099
:1011F000BED0BCD0B0D182D0B020D0B0D0B2D180DF
:101200002C20504F57455245445F42595F47454E49
:10121000455241544F52002000D09ED188D0B8D0C2
:10122000B1D0BAD0B820202020202020202020209B
:1012300028202564202900D09FD180D0B5D0B4D1FA
:1012400083D0BFD180D0B5D0B6D0B4D0B5D0BDD0CA
:10125000B8D18F20202028202564202900D09FD0BD
:10126000B5D180D0B5D0BAD0BBD18ED187D0B8D1CE
:1012700082D18C20D0B220D0BFD0BED0BBD0BED0C7
:10128000B6D0B5D0BDD0B8D0B520303F00D09DD0BD
:10129000B0D181D182D180D0BED0B8D182D18C20C2
:1012A000D0B4D0B0D182D1833F00D097D0B0D0BFDE
:1012B000D183D181D182D0B8D182D18C20D0B4D089
:1012C000B2D0B8D0B3D0B0D182D0B5D0BBD18C3FE2
:1012D00000D097D0B0D0B3D0BBD183D188D0B8D113
:1012E00082D18C20D0B4D0B2D0B8D0B3D0B0D1821B
:1012F000D0B5D0BBD18C3F00D09DD0B0D181D182B0
:10130000D180D0BED0B8D182D18C20D0B2D180D003
:10131000B5D0BCD18F3F00D092D18BD0BAD0BBD149
:101320008ED187D0B8D182D18C20D0B7D0B0D18027
:10133000D18FD0B4D0BAD18320D090D09AD0913F61
:1013400000D092D0BAD0BBD18ED187D0B8D182D1C3
:101350008C20D0B7D0B0D180D18FD0B4D0BAD183C7
:1013600020D090D09AD0913F00D09FD0B5D180D0DE
:10137000B5D0BAD0BBD18ED187D0B8D182D18C2094
:10138000D0BDD0B020D0BFD0B8D182D0B0D0BDD0E9
:10139000B8D0B520D0BED18220D0B3D0B5D0BDD08A
:1013A000B5D180D0B0D182D0BED180D0B03F00D0F6
:1013B0009FD0B5D180D0B5D0B9D182D0B820D0BD22
:1013C000D0B020D0B0D0B2D182D0BED0BCD0B0D1BD
:1013D00082D0B8D187D0B5D181D0BAD0BED0B52017
:1013E000D183D0BFD180D0B0D0B2D0BBD0B5D0BD2A
:1013F000D0B8D0B53F00D09FD0B5D180D0B5D0B94E
:10140000D182D0B820D0BDD0B020D180D183D187B7
:10141000D0BDD0BED0B520D183D0BFD180D0B0D088
:10142000B2D0BBD0B5D0BDD0B8D0B53F00D09FD0E2
:10143000B5D180D0B5D0BAD0BBD18ED187D0B8D1FC
:1014400082D18C20D0BDD0B020D0BFD0B8D182D036
:10145000B0D0BDD0B8D0B520D0BED18220D0B2D0CF
:10146000BDD0B5D188D0BDD0B5D0B920D181D0B54F
:10147000D182D0B83F00D094D0B2D181202020209A
:1014800020202020202020202020204F464600D051
:1014900097D0B0D180D18FD0B4D0BAD0B020D0B056
:1014A000D0BAD0B1202020202020204F464600D0A6
:1014B0009FD0BED0BBD18CD0B7D0BED0B2D0B0D12F
:1014C00082D0B5D0BBD18C202D20D0BFD0B5D1805B
:1014D000D0B5D0BAD0BBD18ED187D0B5D0BDD0B821
:1014E000D0B520D181D0B8D0BBD0BED0B2D0BED084
:1014F000B3D0BE20D0B0D0B2D182D0BED0BCD0B09C
:10150000D182D0B020D0B0D0B2D1802C20504F5753
:1015100045525F49535F4F464600D094D0B2D181C7
:101520002020202020202020202020202020204F8C
:101530004E00D097D0B0D180D18FD0B4D0BAD0B037
:1015400020D0B0D0BAD0B1202020202020204F4E73
:1015500000D09FD0BED0BBD18CD0B7D0BED0B2D03F
:10156000B0D182D0B5D0BBD18C202D20D0BFD0B58A
:10157000D180D0B5D0BAD0BBD18ED187D0B5D0BDB7
:10158000D0B8D0B520D181D0B8D0BBD0BED0B2D0E9
:10159000BED0B3D0BE20D0B0D0B2D182D0BED0BCED
:1015A000D0B0D182D0B020D0B0D0B2D1802C2045E4
:1015B000585445524E414C5F504F57455200D09FB2
:1015C000D0BED0BBD18CD0B7D0BED0B2D0B0D1823B
:1015D000D0B5D0BBD18C202D20D0BFD0B5D180D0FC
:1015E000B5D0BAD0BBD18ED187D0B5D0BDD0B8D010
:1015F000B520D181D0B8D0BBD0BED0B2D0BED0B390
:10160000D0BE20D0B0D0B2D182D0BED0BCD0B0D16C
:1016100082D0B020D0B0D0B2D1802C20504F5745CE
:101620005245445F42595F47454E455241544F52DF
:1016300000D0A1D0B8D0BBD0BED0B2D0BED0B520E3
:10164000D180D0B5D0BBD0B5202020202020D09391
:10165000D0B5D0BDD0B5D180D0B0D182D0BED180F0
:1016600000D092D0BDD0B5D188D0BDD0B5D0B520F6
:10167000D0BFD0B8D182D0B0D0BDD0B8D0B52020A6
:1016800020D09DD0B5D18200D0A1D0B8D0BBD0BEE3
:10169000D0B2D0BED0B520D180D0B5D0BBD0B5208F
:1016A0002020202020D092D0BDD0B5D1882ED1814D
:1016B000D0B5D182D18C00D09FD0BED0BBD18CD040
:1016C000B7D0BED0B2D0B0D182D0B5D0BBD18C20F3
:1016D0002D20D0BFD0B5D180D0B5D0BAD0BBD18E5F
:1016E000D187D0B5D0BDD0B8D0B520D181D0B8D0B9
:1016F000BBD0BED0B2D0BED0B3D0BE20D0B0D0B25E
:10170000D182D0BED0BCD0B0D182D0B020D0B0D0A9
:10171000B2D1802E20D0BED188D0B8D0B1D0BAD02E
:10172000B020D0BFD0B5D180D0B5D0BAD0BBD18E8B
:10173000D187D0B5D0BDD0B8D18F00D09FD0BED08A
:10174000BBD18CD0B7D0BED0B2D0B0D182D0B5D0C2
:10175000BBD18C202D20D0BED181D182D0B0D0BDC4
:10176000D0BED0B2D0BAD0B020D0B4D0B2D0B8D0E1
:10177000B3D0B0D182D0B5D0BBD18F00D09FD0BE76
:10178000D0BBD18CD0B7D0BED0B2D0B0D182D0B582
:10179000D0BBD18C202D20D0B7D0B0D0BFD183D139
:1017A00081D0BA20D0B4D0B2D0B8D0B3D0B0D1822A
:1017B000D0B5D0BBD18F00D09FD0BED0BBD18CD004
:1017C000B7D0BED0B2D0B0D182D0B5D0BBD18C20F2
:1017D0002D2020D0BED182D0BAD0BBD18ED187D01F
:1017E000B5D0BDD0B8D0B520D0B7D0B0D180D18FD2
:1017F000D0B4D0BAD0B820D090D09AD09100D09F99
:10180000D0BED0BBD18CD0B7D0BED0B2D0B0D182F8
:10181000D0B5D0BBD18C202D20D0B2D0BAD0BBD186
:101820008ED187D0B5D0BDD0B8D0B520D0B7D0B08C
:10183000D180D18FD0B4D0BAD0B820D090D09AD0A7
:101840009100D09DD0B0D0BFD180D18FD0B6D0B5CF
:10185000D0BDD0B8D0B520D0B0D0BAD0B1202020E3
:1018600020252E326620D09200D0A2D0B5D0BCD098
:10187000BFD0B5D180D0B0D182D183D180D0B020BB
:10188000D0B2D0BED0B7D0B42E20252E316620D015
:10189000A100D092D0BDD0B5D188D0BDD0B5D0B543
:1018A00020D0BFD0B8D182D0B0D0BDD0B8D0B52074
:1018B0002020D094D0B000D094D0B2D1812020206C
:1018C000202020202020202020202020D09ED188D1
:1018D000D0B8D0B1D0BAD0B000D092D0BDD0B5D1B0
:1018E00088D0BDD0B5D0B520D0BFD0B8D182D0B0CF
:1018F000D0BDD0B8D0B5202020D09ED188D0B8D0CF
:10190000B1D0BAD0B000D0A0D0B5D0B6D0B8D0BC8D
:1019100020D183D0BFD180D0B0D0B2D0BBD0B5D091
:10192000BDD0B8D18F2020D09ED188D0B8D0B1D032
:10193000BAD0B000D097D0B0D180D18FD0B4D0BAC7
:10194000D0B020D0B0D0BAD0B120D0BED188D0B8DD
:10195000D0B1D0BAD0B020D181D182D180D0BED088
:10196000BAD0B800D0A1D0B8D0BBD0BED0B2D0BE13
:10197000D0B520D180D0B5D0BBD0B520202020203C
:1019800020D0BED1882E20D181D182D180D0BED0AE
:10199000BA00D09FD0BED0BBD18CD0B7D0BED0B211
:1019A000D0B0D182D0B5D0BBD18C202D20D0BFD02B
:1019B000B5D180D0B5D185D0BED0B420D0B220D0A2
:1019C000B0D0B2D182D0BED0BCD0B0D182D0B8D14C
:1019D00087D0B5D181D0BAD0B8D0B920D180D0B518
:1019E000D0B6D0B8D0BC00D0A1D0B8D0BBD0BED07B
:1019F000B2D0BED0B520D180D0B5D0BBD0B52020DC
:101A000020202020D09ED182D0BAD0BBD18ED187C9
:101A1000D0B5D0BDD0BE0058203D2025642C205923
:101A2000203D20256400D093D0BED0B420202020BB
:101A3000202020202D2020252E326420202B00D095
:101A4000A7D0B0D181D18B202020202020202D2094
:101A500020252E326420202B00D09CD0B5D181D1FE
:101A60008FD1862020202020202D2020252E32647A
:101A700020202B00D0A7D0B8D181D0BBD0BE202051
:101A8000202020202D2020252E326420202B00D045
:101A90009CD0B8D0BDD183D182D18B2020202020F2
:101AA0002D2020252E326420202B00D0A1D0B5D0AF
:101AB000BAD183D0BDD0B4D18B202020202D2020BE
:101AC000252E326420202B00D094D0B5D0BDD18CEF
:101AD000202020202020202D2020257320202B00B6
:101AE000D0A1D0BED185D180D0B0D0BDD0B8D18268
:101AF000D18C3F00D092D18BD0B9D182D0B83F00E9
:101B0000D0A1D0BED185D180D0B0D0BDD0B8D18247
:101B1000D18C00D092D18BD0B9D182D0B800D09FD7
:101B2000D0B5D180D0B5D0BAD0BBD18ED187D0B806
:101B3000D182D18C20D180D0B5D0BBD0B520D0B748
:101B4000D0B0D0B6D0B8D0B3D0B0D0BDD0B8D18F8F
:101B50003F00D09ED0B1D0BDD0BED0B2D0B8D182DF
:101B6000D18C20D0B4D0B0D182D18320D0A2D09E4D
:101B70003F00D09FD0B5D180D0B5D0BAD0BBD18EE8
:101B8000D187D0B8D182D18C20D180D0B5D0BBD074
:101B9000B520D181D182D0B0D180D182D0B5D180D1
:101BA000D0B03F00D09FD0B5D180D0B5D0BAD0BB97
:101BB000D18ED187D0B8D182D18C20D180D0B5D070
:101BC000BBD0B520D0BFD0BED0B4D181D0BED181E2
:101BD000D0B03F00D09FD0B5D180D0B5D0BAD0BB67
:101BE000D18ED187D0B8D182D18C20D0B3D0BBD008
:101BF000B0D0B2D0BDD0BED0B520D180D0B5D0BB92
:101C0000D0B53F00D09CD0BED182D0BED187D0B05D
:101C1000D181D18B20D0B2D181D0B5D0B3D0BE206C
:101C20002020202025640AD09CD0BED182D0BED1F5
:101C300087D0B0D181D18B20D0BFD0BED181D0BBD5
:101C4000D0B520D0A2D09E2020256400D09FD0BE49
:101C5000D181D0BBD0B5D0B4D0BDD0B5D0B520D017
:101C6000BED182D0BAD0BBD18ED187D0B5D0BDD0B5
:101C7000B8D0B50AD092D180D0B5D0BCD18F2020B9
:101C8000202020202020202025642E25642E25645D
:101C90000AD094D0B0D182D0B020202020202020A3
:101CA0002020202025642E25642E25640AD091D082
:101CB000B5D0B720D18DD0BB2DD0B2D0B02028D098
:101CC000BCD0B8D0BD29202025640AD092D181D0C3
:101CD000B5D0B3D0BE20D0B1D0B5D0B720D18DD043
:101CE000BB2DD0B2D0B02020256400D09FD0BED173
:101CF00081D0BBD0B5D0B4D0BDD0B5D0B520D0A2A6
:101D0000D09E2020202025642E25642E25640AD014
:101D1000A1D0BBD0B5D0B42E20D0A2D09E20202000
:101D2000202020202025642E25642E25640AD09CA6
:101D3000D0BED1822E20D187D0B0D1812E20D0B478
:101D4000D0BE20D0A2D09E20256400D090D0BAD1A1
:101D500083D0BC20202020202020202020202020D4
:101D60002020252E326600D092D0BDD0B5D188D0AB
:101D7000BDD0B5D0B520202020202020202020203C
:101D800020252E326600D09DD0B020D180D0B5D095
:101D9000BBD0B520D181D182D0B0D180D182D0B595
:101DA000D180D0B0202020252E326600D09DD0B02A
:101DB00020D0BED0B1D0BCD0BED182D0BAD0B52058
:101DC000D0BCD0BED182D0BED180D0B02020252EB4
:101DD000326600D09FD0BED0BBD18CD0B7D0BED0A1
:101DE000B2D0B0D182D0B5D0BBD18C202D20D0B212
:101DF000D18BD0BAD0BBD18ED187D0B5D0BDD0BE1B
:101E000020D180D0B5D0BBD0B520D0B7D0B0D0B61F
:101E1000D0B8D0B3D0B0D0BDD0B8D18F00D09FD083
:101E2000BED0BBD18CD0B7D0BED0B2D0B0D182D0D2
:101E3000B5D0BBD18C202D20D0B2D0BAD0BBD18EA2
:101E4000D187D0B5D0BDD0BE20D180D0B5D0BBD049
:101E5000B520D0B7D0B0D0B6D0B8D0B3D0B0D0BD08
:101E6000D0B8D18F00D09FD180D0BED0B2D0B5D164
:101E700081D182D0B820D0A2D09E00D09FD0BED039
:101E8000BBD18CD0B7D0BED0B2D0B0D182D0B5D07B
:101E9000BBD18C202D20D0B2D18BD0BAD0BBD18E6B
:101EA000D187D0B5D0BDD0BE20D180D0B5D0BBD0E9
:101EB000B520D181D182D0B0D180D182D0B5D180AE
:101EC000D0B000D09FD0BED0BBD18CD0B7D0BED0C8
:101ED000B2D0B0D182D0B5D0BBD18C202D20D0B221
:101EE000D0BAD0BBD18ED187D0B5D0BDD0BE20D195
:101EF00080D0B5D0BBD0B520D181D182D0B0D18037
:101F0000D182D0B5D180D0B000D09FD0BED0BBD1CF
:101F10008CD0B7D0BED0B2D0B0D182D0B5D0BBD1EA
:101F20008C202D20D0B2D18BD0BAD0BBD18ED1870E
:101F3000D0B5D0BDD0BE20D180D0B5D0BBD0B520DB
:101F4000D0BFD0BED0B4D181D0BED181D0B000D06E
:101F50009FD0BED0BBD18CD0B7D0BED0B2D0B0D184
:101F600082D0B5D0BBD18C202D20D0B2D0BAD0BB7E
:101F7000D18ED187D0B5D0BDD0BE20D180D0B5D044
:101F8000BBD0B520D0BFD0BED0B4D181D0BED1811E
:101F9000D0B000D0A0D0B5D0BBD0B520D0BFD0BE7F
:101FA000D0B4D181D0BED181D0B000D094D0B0D146
:101FB00082D0B020D0A2D09E20D0BED0B1D0BDD093
:101FC000BED0B2D0BBD0B5D0BDD0B000D09FD0BEB7
:101FD000D0BBD18CD0B7D0BED0B2D0B0D182D0B52A
:101FE000D0BBD18C202D20D0B4D0B0D182D0B020A5
:101FF000D0A2D09E20D0BED0B1D0BDD0BED0B2D065
:10200000BBD0B5D0BDD0B000D09DD0B0D0B7D0B08F
:10201000D0B400D09FD0BED0BBD18CD0B7D0BED072
:10202000B2D0B0D182D0B5D0BBD18C202D20D0BEC3
:10203000D182D0BAD0BBD18ED187D0B5D0BDD0BEE1
:1020400020D0B3D0BBD0B0D0B2D0BDD0BED0B520A0
:10205000D180D0B5D0BBD0B500D09FD0BED0BBD141
:102060008CD0B7D0BED0B2D0B0D182D0B5D0BBD199
:102070008C202D20D0B2D0BAD0BBD18ED187D0B594
:10208000D0BDD0BE20D0B3D0BBD0B0D0B2D0BDD0A8
:10209000BED0B520D180D0B5D0BBD0B500D09CD0BB
:1020A000BED182D0BED187D0B0D181D18B20D0B863
:1020B000D0BDD184D0BE00D09DD0B0D0BFD180D112
:1020C0008FD0B6D0B5D0BDD0B8D18F20D0B8D0BDCC
:1020D000D184D0BE00D0A2D09E20D0B8D0BDD184B3
:1020E000D0BE00D097D0B0D0BFD183D181D0BA209C
:1020F000D094D092D0A120D0B8D0BDD184D0BE0091
:10210000D09ED187D0B8D181D182D0B8D182D18CA4
:1021100020D0BFD180D0B5D0B4D183D0BFD180D0B2
:10212000B5D0B6D0B4D0B5D0BDD0B8D18F3F00D0E7
:102130009ED187D0B8D181D182D0B8D182D18C2024
:10214000D0BED188D0B8D0B1D0BAD0B83F0043000B
:10215000610065006C0072002D20D0B1D18BD0BB26
:1021600020D185D0B0D180D0B420D180D0B5D1815C
:10217000D0B5D18200D09FD180D0B5D0B4D183D09A
:10218000BFD180D0B5D0B6D0B4D0B5D0BDD0B8D046
:10219000B920D0BDD0B5D18200D09ED188D0B8D0E2
:1021A000B1D0BED0BA20D0BDD0B5D182002D20D0C4
:1021B000B1D18BD0BB20D181D0B1D180D0BED18163
:1021C00020D0BFD0BE20D0B2D0B0D187D0B4D0BE46
:1021D000D0B3D183002D20D0B4D0B2D0B8D0B3D0FA
:1021E000B0D182D0B5D0BBD18C20D0B7D0B0D0B3D5
:1021F000D0BBD0BED185002D20D0BED188D0B8D0E4
:10220000B1D0BAD0B020736420D0BAD0B0D180D1D0
:1022100082D18B00D09FD0BED0BBD18CD0B7D0BEE6
:10222000D0B2D0B0D182D0B5D0BBD18C202D20D0AF
:10223000BFD180D0B5D0B4D183D0BFD180D0B5D0FC
:10224000B6D0B4D0B5D0BDD0B8D18F20D183D0B462
:10225000D0B0D0BBD0B5D0BDD18B00D09FD0BED038
:10226000BBD18CD0B7D0BED0B2D0B0D182D0B5D097
:10227000BBD18C202D20D0BED188D0B8D0B1D0BA5F
:10228000D0B820D183D0B4D0B0D0BBD0B5D0BDD1E0
:102290008B002D20D0BDD0B5D0BED0B1D185D0BE61
:1022A000D0B4D0B8D0BCD0BE20D0B7D0B0D180D1BF
:1022B0008FD0B4D0B8D182D18C20D090D09AD09188
:1022C000002D20D0BED188D0B8D0B1D0BAD0B020A7
:1022D000D0B2D0BAD0BB2E20D180D0B5D0BBD0B533
:1022E00020D181D182D0B0D180D182D0B5D180D05F
:1022F000B0002D20D0BDD0B8D0B7D0BAD0BED0B5A8
:1023000020D0BDD0B0D0BFD180D18FD0B6D0B5D085
:10231000BDD0B8D0B520D0B0D0BAD0B1002D20D02B
:10232000B2D18BD181D0BED0BAD0BED0B520D0BD75
:10233000D0B0D0BFD180D18FD0B6D0B5D0BDD0B8BD
:10234000D0B520D0B0D0BAD0B1002D20D0BDD0B5FE
:10235000D18220D0BCD0B5D181D182D0B020D0BD27
:10236000D0B020736420D0BAD0B0D180D182D0B5A3
:10237000002D20D0BDD0B5D0B8D181D0BFD180D074
:10238000B0D0B2D0BDD0BED181D182D18C20D18687
:10239000D0B5D0BFD0B820D0B7D0B0D180D18FD0F9
:1023A000B4D0BAD0B8002B2C3B3D5B5D00222A3A5A
:1023B0003C3E3F7C7F0000000A2D2D2DD0A2D09EF8
:1023C0002D2D2D0A000000000A2D2D2DD0BED1820A
:1023D000D0BAD0BBD18ED187D0B5D0BDD0B8D0B512
:1023E00020D18DD0BB2DD0B2D0B02D2D2D0A000024
:1023F0000A2D2D2DD0B7D0B0D0BFD183D181D0BA86
:1024000020D094D092D0A120D0B8D0BDD184D0BE5D
:102410002D2D2D0A00007D1D0100632C001E96014C
:10242000A01E5A01001F0806101F0606201F0806DE
:10243000301F0806401F0606511F0700591F521F74
:102440005B1F541F5D1F561F5F1F601F0806701F14
:102450000E00BA1FBB1FC81FC91FCA1FCB1FDA1F20
:10246000DB1FF81FF91FEA1FEB1FFA1FFB1F801F5E
:102470000806901F0806A01F0806B01F0400B81F1A
:10248000B91FB21FBC1FCC1F0100C31FD01F020603
:10249000E01F0206E51F0100EC1FF21F0100FC1FF8
:1024A0004E2101003221702110028421010083217C
:1024B000D0241A05302C2F04602C0201672C060151
:1024C000752C0201802C6401002D260841FF1A039F
:1024D000000061001A03E0001703F8000703FF0083
:1024E00001007801000130013201060139011001BB
:1024F0004A012E017901060180014D00430281014C
:10250000820182018401840186018701870189019A
:102510008A018B018B018D018E018F019001910148
:10252000910193019401F601960197019801980198
:102530003D029B019C019D0120029F01A001A00181
:10254000A201A201A401A401A601A701A701A9015A
:10255000AA01AB01AC01AC01AE01AF01AF01B10109
:10256000B201B301B301B501B501B701B801B801BA
:10257000BA01BB01BC01BC01BE01F701C001C10130
:10258000C201C301C401C501C401C701C801C7011B
:10259000CA01CB01CA01CD011001DD0101008E018C
:1025A000DE011201F3010300F101F401F401F8016D
:1025B0002801220212013A020900652C3B023B026B
:1025C0003D02662C3F0240024102410246020A01DE
:1025D0005302400081018601550289018A01580297
:1025E0008F015A0290015C025D025E025F0293015C
:1025F0006102620294016402650266026702970149
:1026000096016A02622C6C026D026E029C017002DD
:1026100071029D01730274029F01760277027802B3
:1026200079027A027B027C02642C7E027F02A60180
:1026300081028202A9018402850286028702AE011C
:102640004402B101B20145028D028E028F02900256
:102650009102B7017B030300FD03FE03FF03AC03FC
:1026600004008603880389038A03B1031103C203AC
:102670000200A303A303C4030803CC0303008C03D9
:102680008E038F03D8031801F2030A00F903F30342
:10269000F403F503F603F703F703F903FA03FA0368
:1026A0003004200350041007600422018A0436011C
:1026B000C1040E01CF040100C004D004440161052F
:1026C0002604000000000000F026010800000020A1
:1026D000E0000000ECB50008D0270108E000002071
:1026E000C0340000FCB5000800000000000000003D
:1026F00000000000010000001000000000000000C9
:102700004001F00000000000000000000000000098
:1027100000010000000000000000000000000000B8
:1027200000000000000000000000000000000000A9
:102730004B0000000000000000000000000000004E
:102740000000000000000000000000000000000089
:102750000000000000000000000000000000000079
:102760000000000000000000000000000000000069
:102770000000000000000000000000000000000059
:102780000000000000000000000000000000000049
:1027900000000000000000000B12000018C000083C
:1027A000101A0000B8D7000807090000D8F900087F
:1027B0000024F40055470008614700085D47000801
:1027C0006547000859470008380300200000000052
:040000050800019955
:00000001FF
